0.874074,0.986792
0.874123,0.973589
0.873777,0.960448
0.873975,0.947375
0.874271,0.934272
0.874024,0.921094
0.874074,0.907962
0.874222,0.8948
0.874123,0.88168
0.874024,0.868508
0.874173,0.85546
0.87442,0.842415
0.87437,0.829738
0.875161,0.817637
0.875259,0.80577
0.875605,0.794657
0.876346,0.784298
0.876988,0.773907
0.87852,0.764224
0.880051,0.754917
0.881039,0.746028
0.882274,0.737393
0.884053,0.728977
0.884695,0.720723
0.885436,0.712627
0.886622,0.704588
0.88761,0.696985
0.888647,0.689289
0.889141,0.681927
0.889438,0.674591
0.889932,0.667504
0.890031,0.66066
0.890574,0.653937
0.891364,0.647347
0.891266,0.640984
0.891661,0.634681
0.892007,0.62869
0.892106,0.62285
0.89176,0.617019
0.89176,0.61143
602206,677400,0.888996
0.891908,0.606011
0.891908,0.600729
0.892056,0.595436
0.892501,0.590447
0.892847,0.585565
0.893242,0.580726
0.893439,0.576147
0.893588,0.571614
0.893933,0.567128
0.894378,0.562788
0.894427,0.558464
0.89502,0.554364
0.895218,0.550266
0.895267,0.546249
0.89507,0.542324
0.895119,0.538386
0.89507,0.534584
0.895218,0.530922
0.895317,0.527376
0.895514,0.52391
0.89586,0.5204
0.896354,0.516995
0.896552,0.51369
0.896749,0.51045
0.897392,0.507314
0.89749,0.504225
0.897886,0.501185
0.897787,0.498234
0.897836,0.495356
0.898083,0.492568
0.898133,0.489752
0.89838,0.48716
0.89833,0.484494
0.89838,0.481907
0.898577,0.479312
0.898775,0.476865
0.898874,0.474461
0.898972,0.472086
0.899071,0.469689
0.898972,0.4673
605887,677400,0.89443
0.899121,0.464969
0.899219,0.462691
0.899466,0.460494
0.899466,0.458275
0.899812,0.456116
0.899862,0.454014
0.900158,0.451975
0.900553,0.449966
0.900702,0.447989
0.900702,0.445985
0.900751,0.444056
0.900751,0.4422
0.90085,0.440325
0.90085,0.438505
0.901047,0.436672
0.901146,0.434876
0.901245,0.433153
0.901443,0.431414
0.901443,0.429685
0.901591,0.428065
0.901788,0.426383
0.901838,0.424721
0.901937,0.423129
0.901986,0.421541
0.902184,0.420023
0.902233,0.418499
0.902332,0.416998
0.902332,0.415466
0.902628,0.414
0.902776,0.412556
0.902974,0.411152
0.903073,0.409753
0.90327,0.408347
0.903221,0.406971
0.903616,0.40562
0.903715,0.404244
0.903814,0.402905
0.903863,0.401584
0.904011,0.400271
0.904011,0.398971
609559,677400,0.899851
0.90411,0.397701
0.904258,0.396462
0.904357,0.395218
0.904555,0.394006
0.904703,0.392808
0.904851,0.391631
0.904851,0.390485
0.904802,0.389331
0.904802,0.38817
0.904901,0.387019
0.905049,0.385889
0.905296,0.384769
0.905296,0.38371
0.905345,0.382633
0.905444,0.381534
0.905444,0.380474
0.905494,0.37942
0.905592,0.37841
0.90579,0.377381
0.906037,0.376364
0.905938,0.375375
0.905988,0.374427
0.905889,0.373453
0.906037,0.3725
0.906086,0.371568
0.906086,0.370673
0.906136,0.369763
0.906185,0.368859
0.906383,0.367969
0.906531,0.367083
0.906729,0.366225
0.906778,0.365355
0.906778,0.364511
0.906778,0.363657
0.906877,0.362815
0.907025,0.361994
0.907173,0.361148
0.907223,0.360317
0.907272,0.359507
0.907371,0.35871
611980,677400,0.903425
0.90742,0.357903
0.90742,0.357109
0.90747,0.356341
0.907519,0.355584
0.907568,0.354825
0.907766,0.354082
0.907964,0.353343
0.907964,0.352598
0.908062,0.351853
0.908062,0.351122
0.908211,0.350426
0.908309,0.349724
0.908408,0.349021
0.908606,0.348313
0.908754,0.347637
0.908902,0.346964
0.908853,0.346302
0.908902,0.345658
0.908952,0.345004
0.908952,0.34436
0.909001,0.343731
0.908952,0.343104
0.908952,0.342467
0.908952,0.341839
0.90905,0.341215
0.909149,0.340616
0.909149,0.339988
0.909149,0.339389
0.909149,0.338783
0.9091,0.338181
0.909149,0.33759
0.9091,0.336997
0.909248,0.336411
0.909298,0.335825
0.909347,0.335258
0.909396,0.33469
0.909495,0.334124
0.909495,0.33356
0.909643,0.332995
0.909841,0.33244
613940,677400,0.906318
0.909989,0.331895
0.910137,0.331364
0.910187,0.330852
0.910335,0.330319
0.910335,0.32979
0.910434,0.329266
0.910483,0.328728
0.910483,0.328194
0.910483,0.327673
0.910631,0.32717
0.91073,0.326662
0.911076,0.326165
0.911125,0.32568
0.911175,0.325185
0.911372,0.32472
0.911471,0.324231
0.911521,0.323741
0.911718,0.323253
0.911866,0.322769
0.911866,0.322292
0.911965,0.321819
0.912163,0.321349
0.912163,0.320876
0.912262,0.320402
0.91236,0.31994
0.91241,0.319492
0.912558,0.319041
0.912657,0.318591
0.912756,0.318158
0.912904,0.31772
0.913052,0.3173
0.913052,0.316876
0.913151,0.316446
0.9132,0.316017
0.9132,0.315589
0.913348,0.315165
0.913447,0.314744
0.913447,0.314324
0.913645,0.313908
0.913694,0.313494
615746,677400,0.908984
0.913843,0.313077
0.913941,0.312669
0.913991,0.312276
0.91404,0.311875
0.91409,0.311476
0.914188,0.311079
0.914188,0.310685
0.914386,0.310296
0.914485,0.309907
0.914584,0.309513
0.914584,0.30913
0.914584,0.308753
0.914732,0.308373
0.91488,0.308004
0.91488,0.307645
0.914929,0.307279
0.914979,0.306905
0.915226,0.306544
0.915176,0.306185
0.915226,0.305833
0.915275,0.305488
0.915275,0.305142
0.915325,0.304794
0.915374,0.304451
0.915423,0.304114
0.915473,0.303782
0.915473,0.303453
0.915572,0.303127
0.915621,0.302806
0.915621,0.302492
0.915572,0.302181
0.915621,0.301869
0.91567,0.301549
0.91572,0.301221
0.915819,0.300897
0.915868,0.300577
0.915868,0.300249
0.916016,0.299932
0.916016,0.299612
0.916066,0.299293
617183,677400,0.911106
0.916066,0.298978
0.916115,0.298663
0.916313,0.298366
0.916313,0.298068
0.916362,0.297765
0.91656,0.297466
0.916708,0.297165
0.916856,0.296868
0.916856,0.29657
0.917054,0.29628
0.917054,0.295999
0.917202,0.295713
0.917202,0.295428
0.917251,0.29514
0.917301,0.294857
0.917301,0.294572
0.917399,0.294292
0.917449,0.294012
0.917646,0.293735
0.917646,0.293455
0.917745,0.293179
0.918042,0.292909
0.918091,0.292642
0.918042,0.29238
0.918042,0.292115
0.918042,0.291854
0.91819,0.291593
0.91819,0.291331
0.918289,0.291075
0.918289,0.290821
0.918388,0.290568
0.918437,0.290318
0.918437,0.290068
0.918536,0.289819
0.918536,0.289568
0.918585,0.28932
0.918733,0.289068
0.918733,0.288818
0.918733,0.288575
0.918832,0.28833
618631,677400,0.913243
0.918882,0.288091
0.91898,0.287851
0.91898,0.287612
0.91903,0.287376
0.919079,0.287135
0.919178,0.286892
0.919227,0.286648
0.919178,0.286406
0.919227,0.286172
0.919326,0.285937
0.919376,0.285704
0.919524,0.285469
0.919524,0.285239
0.919573,0.285013
0.919623,0.284783
0.919623,0.284552
0.919623,0.284322
0.919623,0.284097
0.919721,0.283874
0.919721,0.28365
0.91982,0.283431
0.919968,0.283211
0.920117,0.282991
0.920166,0.282771
0.920462,0.282553
0.920512,0.282333
0.920512,0.282114
0.920512,0.281898
0.920512,0.281686
0.920611,0.281474
0.92066,0.281262
0.92066,0.281048
0.920709,0.280838
0.920759,0.280629
0.920759,0.280418
0.920759,0.280202
0.920808,0.279997
0.920808,0.279787
0.920858,0.279575
0.921006,0.27937
619590,677400,0.914659
0.921006,0.279166
0.921105,0.278962
0.921154,0.278762
0.921253,0.278561
0.921253,0.278363
0.921253,0.278166
0.921352,0.277974
0.921401,0.277781
0.921401,0.277591
0.921401,0.277398
0.921549,0.277199
0.921599,0.27701
0.921648,0.276822
0.921599,0.276635
0.921599,0.276444
0.921648,0.276262
0.921697,0.276078
0.921796,0.275898
0.921895,0.275714
0.921895,0.275528
0.921895,0.275342
0.921895,0.275156
0.922093,0.274971
0.922142,0.274788
0.922191,0.274609
0.922241,0.27443
0.92234,0.274248
0.922389,0.274069
0.922438,0.273892
0.922488,0.27371
0.922488,0.273531
0.922488,0.27335
0.922438,0.273175
0.922389,0.273002
0.922438,0.272827
0.922438,0.272658
0.922587,0.272481
0.922636,0.272311
0.922784,0.272131
0.922933,0.271958
620397,677400,0.91585
0.922933,0.271779
0.922933,0.271609
0.922883,0.271438
0.922933,0.271268
0.922933,0.271099
0.922933,0.270935
0.922933,0.270773
0.922982,0.270607
0.923031,0.270451
0.923031,0.270293
0.923031,0.270132
0.923031,0.269972
0.923031,0.269815
0.923031,0.269651
0.923031,0.26949
0.923081,0.269334
0.923081,0.269181
0.923081,0.269028
0.923081,0.268876
0.923081,0.268723
0.923229,0.268564
0.923328,0.268406
0.923377,0.268248
0.923328,0.268091
0.923328,0.26794
0.923427,0.267783
0.923476,0.26763
0.923427,0.267478
0.923427,0.267329
0.923427,0.267174
0.923476,0.267022
0.923476,0.266872
0.923476,0.26672
0.923476,0.266566
0.923427,0.266413
0.923525,0.266265
0.923525,0.266119
0.923525,0.265973
0.923525,0.265823
0.923575,0.265679
621201,677400,0.917037
0.923575,0.265534
0.923624,0.265391
0.923624,0.265243
0.923772,0.265099
0.923822,0.264957
0.923772,0.264813
0.923772,0.26467
0.923822,0.264529
0.923822,0.264387
0.923871,0.264246
0.923921,0.264108
0.923921,0.263967
0.92397,0.263827
0.92397,0.263692
0.923921,0.263555
0.923921,0.263414
0.92397,0.263275
0.92397,0.263136
0.923921,0.262999
0.923921,0.262867
0.92397,0.262731
0.92397,0.262596
0.92397,0.262468
0.92397,0.262336
0.92397,0.262205
0.924019,0.262071
0.924069,0.261941
0.924069,0.26181
0.924069,0.261682
0.924019,0.261555
0.924019,0.261429
0.924019,0.261301
0.924019,0.261175
0.924217,0.261044
0.924316,0.260917
0.924513,0.260791
0.924612,0.260664
0.924612,0.260534
0.924612,0.26041
0.924662,0.260283
621842,677400,0.917983
0.92476,0.260159
0.924859,0.260034
0.924859,0.259909
0.924909,0.259784
0.924909,0.259662
0.924909,0.259537
0.924909,0.259416
0.924909,0.259299
0.924958,0.25918
0.924958,0.259059
0.925007,0.258937
0.925007,0.258815
0.925156,0.258696
0.925156,0.258579
0.925156,0.258464
0.925304,0.258348
0.925353,0.258234
0.925353,0.258115
0.925403,0.257996
0.925452,0.257875
0.925551,0.257756
0.925748,0.257638
0.92565,0.257524
0.925699,0.257406
0.925699,0.257291
0.925847,0.257174
0.925897,0.25706
0.925897,0.256943
0.925847,0.25683
0.925847,0.256714
0.925897,0.256608
0.925897,0.256503
0.926045,0.25639
0.926045,0.256278
0.926045,0.256169
0.926045,0.256059
0.926045,0.255946
0.926045,0.255835
0.926094,0.255725
0.925995,0.255619
622656,677400,0.919185
0.925995,0.255511
0.926045,0.2554
0.926144,0.255295
0.926094,0.255187
0.926045,0.255081
0.926094,0.254971
0.926193,0.254861
0.926193,0.254755
0.926242,0.254647
0.926242,0.254539
0.926242,0.254432
0.926193,0.254327
0.926193,0.254222
0.926193,0.254118
0.926292,0.254013
0.926292,0.25391
0.926292,0.253811
0.926341,0.253706
0.926341,0.253606
0.926341,0.253503
0.926489,0.2534
0.926539,0.253298
0.926539,0.253201
0.926539,0.2531
0.926638,0.253002
0.926638,0.252901
0.926638,0.252804
0.926835,0.252707
0.926786,0.25261
0.926885,0.252513
0.926835,0.252419
0.926983,0.252323
0.926983,0.252227
0.926934,0.252131
0.926835,0.252032
0.926835,0.251935
0.926885,0.251835
0.926885,0.251736
0.926934,0.251641
0.926983,0.251545
623220,677400,0.920018
0.927033,0.251449
0.927082,0.251354
0.927033,0.25126
0.927033,0.251165
0.927033,0.251071
0.926983,0.250977
0.927033,0.250884
0.927082,0.25079
0.927132,0.250696
0.927181,0.250603
0.927132,0.250511
0.927181,0.250419
0.927181,0.250328
0.927181,0.250234
0.927181,0.250141
0.927181,0.250045
0.927181,0.249951
0.927082,0.249863
0.927082,0.249775
0.927181,0.249682
0.927181,0.24959
0.927181,0.249501
0.927181,0.249412
0.927181,0.24932
0.927231,0.249229
0.927231,0.249137
0.927231,0.249045
0.927231,0.248962
0.927231,0.248874
0.927132,0.248788
0.927132,0.248698
0.927181,0.248611
0.927132,0.24852
0.927132,0.248433
0.927231,0.248347
0.92728,0.248263
0.927329,0.248178
0.927379,0.24809
0.927576,0.248005
0.927576,0.247918
623740,677400,0.920785
0.927626,0.247831
0.927675,0.247746
0.927774,0.247662
0.927774,0.247578
0.927774,0.247493
0.927774,0.247409
0.927823,0.247323
0.927823,0.247241
0.927873,0.247157
0.927873,0.247074
0.927922,0.246989
0.927922,0.246906
0.927972,0.246825
0.928021,0.246743
0.928021,0.246661
0.928021,0.246576
0.928021,0.246495
0.928268,0.246414
0.928268,0.246331
0.928367,0.246248
0.928564,0.246171
0.928614,0.246092
0.928713,0.24601
0.928713,0.24593
0.928713,0.245849
0.92891,0.245768
0.929009,0.245685
0.929157,0.245606
0.929355,0.245523
0.929503,0.245445
0.929552,0.245366
0.929602,0.245285
0.929651,0.245204
0.929651,0.245123
0.929898,0.245045
0.929948,0.244966
0.930145,0.244885
0.930145,0.244808
0.930145,0.244731
0.930293,0.244653
624901,677400,0.922499
0.930293,0.244575
0.930392,0.244504
0.930392,0.24443
0.930392,0.244355
0.930442,0.24428
0.930442,0.244203
0.930491,0.24413
0.93059,0.244052
0.93059,0.243979
0.93059,0.243905
0.93059,0.243828
0.93054,0.24375
0.930491,0.243673
0.930491,0.243603
0.930491,0.243531
0.93054,0.243456
0.93059,0.24338
0.93059,0.243305
0.930639,0.243229
0.930639,0.24316
0.930738,0.243091
0.930837,0.243016
0.930837,0.242945
0.930837,0.242873
0.930837,0.242804
0.930886,0.24273
0.930985,0.242656
0.931034,0.242584
0.931084,0.242514
0.931133,0.242439
0.931133,0.242369
0.931133,0.242302
0.931183,0.242227
0.931183,0.242159
0.931183,0.242089
0.931331,0.242023
0.93143,0.241952
0.931479,0.241883
0.931479,0.241814
0.931529,0.241745
625547,677400,0.923453
0.931529,0.241676
0.931578,0.241606
0.931578,0.241537
0.931578,0.241472
0.931578,0.241409
0.931627,0.24134
0.931627,0.241269
0.931578,0.241202
0.931578,0.241135
0.931627,0.241068
0.931627,0.241003
0.931627,0.240935
0.931627,0.240869
0.931726,0.240806
0.931874,0.24074
0.931973,0.24067
0.932023,0.240603
0.932072,0.240535
0.932072,0.240467
0.932072,0.240399
0.932072,0.240332
0.932072,0.240265
0.932072,0.240199
0.932072,0.240133
0.932121,0.240063
0.93222,0.239996
0.93222,0.239929
0.932319,0.239864
0.932319,0.239797
0.932368,0.239734
0.932418,0.239668
0.932467,0.239605
0.932418,0.239539
0.932368,0.239479
0.932418,0.239414
0.932418,0.239351
0.932418,0.239285
0.932418,0.239221
0.932517,0.239156
0.932517,0.239092
626123,677400,0.924303
0.932517,0.239031
0.932566,0.238967
0.932615,0.238904
0.932615,0.238842
0.932615,0.238779
0.932566,0.238716
0.932615,0.238655
0.932615,0.238595
0.932665,0.238532
0.932665,0.238469
0.932665,0.238408
0.932665,0.238348
0.932714,0.238289
0.932714,0.238228
0.932714,0.238164
0.932813,0.238102
0.932912,0.238042
0.932912,0.237978
0.932912,0.237923
0.932912,0.237862
0.932961,0.237802
0.933011,0.237744
0.933011,0.237686
0.933011,0.237627
0.933011,0.237569
0.933011,0.237509
0.933109,0.237449
0.933159,0.23739
0.933208,0.237328
0.933208,0.237271
0.933208,0.237211
0.933208,0.237153
0.933208,0.237096
0.933258,0.237042
0.933258,0.236988
0.933307,0.236933
0.933307,0.236877
0.933406,0.236816
0.933356,0.23676
0.933356,0.236702
626415,677400,0.924734
0.933356,0.236642
0.933356,0.236588
0.933356,0.236535
0.933356,0.236478
0.933356,0.23642
0.933455,0.236368
0.933505,0.236316
0.933554,0.236263
0.933554,0.236209
0.933554,0.236154
0.933554,0.2361
0.933554,0.236047
0.933554,0.235989
0.933554,0.235936
0.933554,0.235877
0.933554,0.235824
0.933554,0.235771
0.933554,0.235717
0.933603,0.235664
0.933603,0.235609
0.933653,0.235557
0.933653,0.235504
0.933653,0.235451
0.933653,0.235398
0.933653,0.235349
0.933653,0.2353
0.933603,0.235248
0.933752,0.235196
0.933801,0.235144
0.933801,0.235091
0.933752,0.235038
0.933752,0.234987
0.933752,0.234931
0.933801,0.234876
0.933801,0.234821
0.933801,0.234769
0.933801,0.234718
0.933801,0.234666
0.93385,0.234615
0.933801,0.234561
626824,677400,0.925338
0.933801,0.234511
0.93385,0.23446
0.93385,0.234409
0.93385,0.234356
0.93385,0.234301
0.93385,0.234253
0.933801,0.234201
0.93385,0.23415
0.93385,0.234101
0.93385,0.234049
0.933949,0.234
0.9339,0.233946
0.9339,0.233894
0.9339,0.233845
0.933949,0.233796
0.933949,0.23375
0.933999,0.2337
0.933949,0.233653
0.933999,0.233603
0.933999,0.233557
0.933999,0.233506
0.934048,0.233457
0.934048,0.233411
0.934048,0.233361
0.934048,0.233314
0.933999,0.233267
0.934048,0.233223
0.933999,0.233179
0.933999,0.23313
0.933999,0.233084
0.934048,0.233039
0.933999,0.232987
0.934048,0.23294
0.934097,0.232896
0.934097,0.232847
0.934196,0.232804
0.934246,0.23276
0.934246,0.232719
0.934246,0.23267
0.934344,0.232626
627211,677400,0.925909
0.934246,0.23258
0.934246,0.232531
0.934295,0.232484
0.934295,0.232439
0.934295,0.23239
0.934295,0.232348
0.934344,0.232299
0.934344,0.232255
0.934344,0.23221
0.934344,0.232167
0.934394,0.232122
0.934394,0.232073
0.934443,0.232028
0.934443,0.231981
0.934542,0.231937
0.934542,0.23189
0.934542,0.231845
0.934591,0.231803
0.93469,0.231759
0.93469,0.231716
0.93474,0.231674
0.93474,0.231627
0.93474,0.231585
0.93469,0.231539
0.934888,0.231494
0.934888,0.231452
0.934838,0.231403
0.934789,0.231362
0.934838,0.231317
0.934888,0.231275
0.934888,0.231233
0.934888,0.231188
0.934888,0.23115
0.934937,0.231105
0.934888,0.231064
0.934888,0.231023
0.934888,0.23098
0.934937,0.230936
0.934987,0.230895
0.934987,0.230853
627639,677400,0.926541
0.934987,0.230809
0.934987,0.230766
0.934987,0.230721
0.934987,0.230676
0.934937,0.230632
0.934937,0.23059
0.934937,0.230543
0.934937,0.230496
0.934937,0.230451
0.934937,0.230408
0.934937,0.230368
0.934888,0.230328
0.934888,0.230287
0.934937,0.230248
0.934987,0.230205
0.934987,0.230166
0.934987,0.230127
0.934987,0.23009
0.935036,0.230049
0.935036,0.230012
0.935036,0.229971
0.934987,0.229929
0.934987,0.22989
0.935085,0.229847
0.935085,0.22981
0.935085,0.229772
0.935085,0.229733
0.935135,0.229692
0.935184,0.229653
0.935234,0.229616
0.935283,0.229577
0.935332,0.22954
0.935332,0.2295
0.935332,0.229458
0.935332,0.229416
0.935283,0.229373
0.935283,0.229336
0.935283,0.229295
0.935283,0.229253
0.935283,0.22921
628033,677400,0.927123
0.935283,0.229166
0.935283,0.229123
0.935283,0.229084
0.935431,0.229042
0.935431,0.228999
0.935431,0.228963
0.935431,0.228923
0.935382,0.228888
0.935431,0.228848
0.935481,0.228809
0.935579,0.228772
0.935579,0.228734
0.935579,0.228696
0.935629,0.22866
0.935629,0.228623
0.935629,0.228584
0.935678,0.228548
0.935728,0.228507
0.935777,0.228466
0.935777,0.228427
0.935728,0.228391
0.935728,0.228358
0.935728,0.228316
0.935728,0.228282
0.935728,0.228243
0.935777,0.228209
0.935777,0.228169
0.935777,0.22813
0.935826,0.228092
0.935876,0.228055
0.935876,0.228019
0.935826,0.227983
0.935876,0.227944
0.935876,0.227908
0.935826,0.227872
0.935876,0.227836
0.935826,0.227797
0.935777,0.227761
0.935826,0.227724
0.935777,0.227689
628208,677400,0.927381
0.935925,0.227652
0.935925,0.227612
0.935876,0.227578
0.935876,0.227539
0.935876,0.227501
0.935777,0.227465
0.935826,0.227426
0.935826,0.22739
0.935876,0.227355
0.935876,0.227322
0.935925,0.227286
0.935925,0.22725
0.935925,0.22721
0.935925,0.227176
0.935925,0.227143
0.935975,0.227108
0.935975,0.227071
0.935975,0.227032
0.936024,0.226993
0.936024,0.226961
0.936074,0.226925
0.936074,0.226892
0.936123,0.226859
0.936123,0.226823
0.936123,0.226785
0.936123,0.226752
0.936172,0.226716
0.936222,0.226683
0.936222,0.226651
0.936222,0.226616
0.936271,0.226581
0.936222,0.226545
0.936271,0.226511
0.936321,0.22648
0.93637,0.226446
0.93637,0.226414
0.93637,0.226379
0.936518,0.226346
0.936518,0.226311
0.936518,0.226278
628537,677400,0.927867
0.936518,0.226243
0.936469,0.226212
0.936469,0.22618
0.93637,0.226146
0.936321,0.22611
0.936321,0.226074
0.93637,0.226038
0.93637,0.226002
0.936419,0.225969
0.936469,0.225935
0.936469,0.225901
0.936469,0.225868
0.936518,0.225832
0.936469,0.225799
0.936518,0.225769
0.936518,0.225738
0.936518,0.225705
0.936469,0.225673
0.936469,0.225641
0.936469,0.225609
0.936518,0.225574
0.936666,0.225538
0.936666,0.225502
0.936716,0.225469
0.936765,0.225432
0.936765,0.225398
0.936765,0.225367
0.936765,0.225337
0.936765,0.225302
0.936765,0.225274
0.936815,0.22524
0.936815,0.225211
0.936815,0.225178
0.936864,0.225145
0.936913,0.225116
0.936913,0.22508
0.936963,0.225052
0.937012,0.225018
0.937012,0.22499
0.937062,0.224961
628770,677400,0.928211
0.937062,0.224928
0.937111,0.224893
0.937111,0.224862
0.937111,0.224833
0.93716,0.2248
0.93721,0.224766
0.93721,0.224732
0.937309,0.224704
0.937407,0.224676
0.937407,0.224648
0.937407,0.224622
0.937358,0.224594
0.937358,0.224566
0.937358,0.224539
0.937358,0.224508
0.937358,0.224476
0.937407,0.224444
0.937407,0.224415
0.937506,0.224388
0.937506,0.224358
0.937506,0.224325
0.937506,0.224296
0.937506,0.224266
0.937457,0.224235
0.937457,0.224209
0.937457,0.22418
0.937506,0.224155
0.937506,0.224129
0.937506,0.224097
0.937506,0.224065
0.937506,0.224035
0.937506,0.224007
0.937506,0.223977
0.937506,0.223944
0.937506,0.223916
0.937457,0.223885
0.937457,0.223858
0.937407,0.22383
0.937407,0.223798
0.937407,0.223767
629071,677400,0.928655
0.937358,0.223733
0.937407,0.223709
0.937506,0.223678
0.937506,0.223651
0.937556,0.223618
0.937556,0.223587
0.937654,0.223557
0.937605,0.223529
0.937654,0.223495
0.937654,0.223465
0.937654,0.223437
0.937654,0.223411
0.937704,0.223384
0.937704,0.223358
0.937803,0.22333
0.937852,0.223302
0.937852,0.223277
0.937852,0.223247
0.937852,0.223222
0.937852,0.223193
0.937852,0.223167
0.937951,0.223137
0.937951,0.223109
0.937951,0.223085
0.937951,0.223058
0.937951,0.223027
0.937951,0.223001
0.937951,0.222976
0.938099,0.222945
0.938099,0.222917
0.93805,0.222892
0.93805,0.222864
0.93805,0.222838
0.93805,0.222812
0.938099,0.222787
0.938148,0.22276
0.938198,0.222736
0.938198,0.222703
0.938198,0.222679
0.938198,0.222652
629285,677400,0.928971
0.938198,0.222626
0.938198,0.222596
0.938247,0.222575
0.938247,0.222551
0.938247,0.222526
0.938247,0.222499
0.938297,0.222475
0.938297,0.222447
0.938297,0.222421
0.938297,0.222397
0.938297,0.222369
0.938297,0.222342
0.938297,0.222315
0.938346,0.222293
0.938346,0.222266
0.938346,0.222239
0.938346,0.222215
0.938395,0.222191
0.938445,0.222167
0.938445,0.222143
0.938494,0.222117
0.938494,0.222093
0.938544,0.222068
0.938692,0.222042
0.938692,0.222018
0.938741,0.221994
0.938741,0.221968
0.938741,0.22194
0.938741,0.221913
0.938692,0.221886
0.938692,0.221859
0.938791,0.221832
0.938791,0.221804
0.93884,0.22178
0.938939,0.221755
0.938939,0.221729
0.938939,0.221705
0.938939,0.22168
0.938988,0.221655
0.938939,0.22163
629474,677400,0.92925
0.938939,0.221607
0.939038,0.221583
0.939038,0.221558
0.939038,0.221533
0.939038,0.221508
0.939038,0.221484
0.939038,0.221457
0.939038,0.221431
0.939038,0.221407
0.939038,0.221385
0.939038,0.22136
0.939038,0.221331
0.939038,0.221307
0.938988,0.221284
0.938988,0.221262
0.938988,0.221235
0.938988,0.22121
0.938988,0.221186
0.938988,0.22116
0.939038,0.221135
0.938988,0.221108
0.938988,0.221083
0.939038,0.22106
0.939038,0.221036
0.939038,0.221009
0.939038,0.220981
0.939038,0.220956
0.939038,0.220929
0.939038,0.220905
0.939038,0.220886
0.939087,0.220861
0.939087,0.220836
0.939087,0.220808
0.939087,0.220783
0.939087,0.220758
0.939087,0.220739
0.939136,0.220712
0.939136,0.220689
0.939136,0.220665
0.939136,0.22064
629695,677400,0.929576
0.939186,0.220619
0.939186,0.220595
0.939186,0.220573
0.939186,0.22055
0.939235,0.220527
0.939285,0.220504
0.939334,0.220485
0.939433,0.220465
0.939433,0.220442
0.939433,0.220416
0.939433,0.220394
0.939532,0.220369
0.939532,0.22034
0.939581,0.22032
0.939581,0.220297
0.939581,0.220275
0.939581,0.220253
0.93963,0.220228
0.93963,0.220204
0.93963,0.220182
0.939729,0.220157
0.939779,0.22013
0.939779,0.220112
0.939779,0.220091
0.939779,0.220064
0.939779,0.220038
0.939779,0.220017
0.939877,0.219991
0.939877,0.219968
0.939877,0.21995
0.939927,0.21993
0.939976,0.219908
0.940124,0.219885
0.940124,0.219862
0.940124,0.219838
0.940124,0.219815
0.940124,0.219791
0.940124,0.219768
0.940124,0.219744
0.940124,0.219722
629893,677400,0.929869
0.940075,0.219697
0.940075,0.219673
0.940124,0.219653
0.940124,0.219627
0.940174,0.219602
0.940174,0.21958
0.940174,0.219559
0.940124,0.219539
0.940124,0.21952
0.940273,0.219494
0.940223,0.219474
0.940322,0.219452
0.940273,0.219434
0.940273,0.21941
0.940273,0.219392
0.940223,0.219371
0.940273,0.219349
0.940273,0.219325
0.940273,0.219304
0.940273,0.219281
0.940273,0.219256
0.940372,0.219234
0.940372,0.219212
0.940421,0.219194
0.94052,0.219176
0.940569,0.21915
0.940569,0.219129
0.940569,0.219111
0.940569,0.219091
0.940619,0.219071
0.940619,0.21905
0.940668,0.219028
0.940717,0.21901
0.940717,0.218987
0.940717,0.218965
0.940717,0.21895
0.940717,0.21893
0.940717,0.218911
0.940717,0.218892
0.940767,0.218873
630123,677400,0.930208
0.940767,0.218852
0.940767,0.218832
0.940767,0.218808
0.940816,0.218785
0.940816,0.218767
0.940866,0.218748
0.940915,0.21873
0.940915,0.218709
0.940964,0.218688
0.940964,0.218665
0.941014,0.218643
0.941063,0.218626
0.941063,0.218604
0.941063,0.218582
0.941063,0.218565
0.941063,0.218545
0.941063,0.218525
0.941063,0.218507
0.941063,0.218488
0.941063,0.21847
0.941063,0.218451
0.941063,0.21843
0.941014,0.218411
0.940964,0.218391
0.940964,0.21837
0.941014,0.218349
0.941014,0.218327
0.940964,0.218309
0.941014,0.218291
0.941113,0.218268
0.941063,0.218248
0.941063,0.218227
0.941063,0.218209
0.941063,0.218189
0.941063,0.218173
0.941063,0.218157
0.941063,0.218138
0.941063,0.21812
0.941063,0.218099
0.941113,0.218081
630378,677400,0.930585
0.941162,0.218064
0.941211,0.218042
0.941211,0.21802
0.941211,0.218
0.941211,0.217979
0.94131,0.217959
0.94131,0.217941
0.94131,0.217921
0.94131,0.217903
0.94131,0.217884
0.94136,0.217865
0.941409,0.217847
0.941409,0.217828
0.941508,0.217811
0.941458,0.217795
0.941458,0.217779
0.941557,0.217762
0.941557,0.217748
0.941607,0.217731
0.941607,0.21771
0.941656,0.217694
0.941607,0.217672
0.941656,0.217658
0.941607,0.217637
0.941656,0.217616
0.941607,0.217603
0.941705,0.217584
0.941705,0.217568
0.941705,0.217548
0.941705,0.217527
0.941705,0.217512
0.941705,0.217491
0.941705,0.217473
0.941705,0.21746
0.941705,0.217442
0.941755,0.217426
0.941755,0.217408
0.941755,0.21739
0.941755,0.217374
0.941804,0.217358
630616,677400,0.930936
0.941854,0.21734
0.941854,0.217323
0.941903,0.217304
0.941903,0.217289
0.941903,0.217272
0.941952,0.217255
0.941952,0.217239
0.941952,0.21722
0.941952,0.217203
0.941952,0.217182
0.942002,0.217164
0.942002,0.217141
0.942051,0.217122
0.942051,0.217104
0.942051,0.217086
0.942051,0.217071
0.942101,0.217052
0.942101,0.217037
0.94215,0.217022
0.94215,0.217004
0.942199,0.216987
0.942199,0.216969
0.942199,0.216954
0.942199,0.216936
0.942199,0.216915
0.942348,0.2169
0.942348,0.216884
0.942348,0.21687
0.942348,0.216854
0.942298,0.216842
0.942298,0.216825
0.942298,0.216809
0.942348,0.216793
0.942348,0.216779
0.942397,0.216765
0.942397,0.21675
0.942397,0.216731
0.942397,0.216715
0.942397,0.216699
0.942397,0.21668
630837,677400,0.931262
0.942397,0.216663
0.942348,0.216646
0.942348,0.216629
0.942348,0.216616
0.942348,0.216602
0.942348,0.216587
0.942397,0.216577
0.942397,0.216557
0.942397,0.216541
0.942397,0.216526
0.942397,0.216506
0.942397,0.216491
0.942446,0.216476
0.942446,0.216457
0.942446,0.216444
0.942446,0.216431
0.942446,0.216417
0.942446,0.216401
0.942446,0.216384
0.942496,0.216366
0.942496,0.216353
0.942496,0.216335
0.942496,0.216313
0.942496,0.216297
0.942496,0.21628
0.942446,0.216265
0.942545,0.21625
0.942545,0.216237
0.942545,0.216224
0.942545,0.216209
0.942545,0.216192
0.942545,0.216177
0.942545,0.216161
0.942545,0.216148
0.942545,0.216131
0.942545,0.216118
0.942545,0.2161
0.942545,0.216086
0.942545,0.216074
0.942545,0.216059
631020,677400,0.931532
0.942545,0.216048
0.942595,0.216034
0.942595,0.216018
0.942595,0.216004
0.942595,0.21599
0.942545,0.215975
0.942595,0.215959
0.942595,0.215944
0.942644,0.215928
0.942644,0.215916
0.942693,0.215904
0.942743,0.215889
0.942743,0.215879
0.942743,0.215865
0.942743,0.215852
0.942693,0.215838
0.942743,0.215821
0.942743,0.215806
0.942693,0.215794
0.942693,0.21578
0.942693,0.215761
0.942693,0.215746
0.942693,0.215735
0.942693,0.215725
0.942693,0.215714
0.942693,0.2157
0.942743,0.215685
0.942743,0.21567
0.942743,0.215653
0.942743,0.215644
0.942743,0.21563
0.942743,0.215614
0.942743,0.215599
0.942743,0.215589
0.942743,0.215576
0.942792,0.21556
0.942792,0.21555
0.942792,0.215538
0.942792,0.215525
0.942792,0.215512
631172,677400,0.931757
0.942792,0.2155
0.942792,0.215488
0.942792,0.215469
0.942842,0.215459
0.942842,0.215444
0.942842,0.215429
0.942842,0.215416
0.942842,0.215405
0.942842,0.215391
0.942842,0.215377
0.942842,0.215362
0.942842,0.215348
0.942842,0.215334
0.942842,0.215322
0.942842,0.215306
0.942842,0.215292
0.942842,0.215281
0.942842,0.215264
0.942842,0.215246
0.942792,0.215234
0.942842,0.215223
0.942842,0.215211
0.942891,0.215196
0.94294,0.21518
0.94294,0.215169
0.94299,0.215155
0.94299,0.215142
0.94299,0.215131
0.943039,0.215118
0.94299,0.215102
0.94299,0.21509
0.94299,0.215075
0.94299,0.215065
0.94299,0.21505
0.94299,0.215036
0.943039,0.215023
0.94299,0.215014
0.943039,0.215001
0.943039,0.214985
0.94294,0.214976
631323,677400,0.93198
0.94294,0.214964
0.94294,0.214953
0.94294,0.214937
0.94294,0.214929
0.94294,0.214916
0.94294,0.214905
0.94294,0.214894
0.94294,0.21488
0.94294,0.214869
0.94294,0.214857
0.94294,0.214845
0.94294,0.21483
0.94294,0.21482
0.94294,0.214806
0.94294,0.214794
0.94294,0.214783
0.94294,0.214772
0.94294,0.214759
0.94299,0.214751
0.94299,0.214737
0.943039,0.214725
0.943089,0.214714
0.943089,0.214701
0.943187,0.214691
0.943187,0.21468
0.943187,0.214672
0.943187,0.21466
0.943187,0.214647
0.943187,0.214634
0.943187,0.214623
0.943187,0.21461
0.943187,0.214598
0.943187,0.214585
0.943237,0.214571
0.943237,0.214558
0.943286,0.214543
0.943336,0.214528
0.943385,0.214514
0.943385,0.214505
0.943385,0.214493
631429,677400,0.932136
0.943336,0.214481
0.943385,0.21447
0.943385,0.214459
0.943434,0.214442
0.943434,0.214431
0.943434,0.214419
0.943434,0.214407
0.943484,0.214396
0.943484,0.214382
0.943484,0.214369
0.943484,0.214358
0.943484,0.214345
0.943484,0.214335
0.943484,0.214324
0.943533,0.214315
0.943533,0.214303
0.943583,0.21429
0.943583,0.214278
0.943583,0.214269
0.943583,0.214262
0.943583,0.214254
0.943583,0.214245
0.943583,0.214232
0.943583,0.21422
0.943583,0.214212
0.943583,0.214206
0.943632,0.214198
0.943632,0.214191
0.943632,0.214178
0.943632,0.214172
0.943681,0.21416
0.943681,0.214148
0.943681,0.214138
0.943731,0.214124
0.943731,0.214114
0.943731,0.214101
0.943731,0.214091
0.943731,0.214079
0.943731,0.214069
0.943731,0.214059
631539,677400,0.932298
0.94378,0.214048
0.94378,0.214034
0.94378,0.214022
0.94383,0.21401
0.94383,0.214
0.94383,0.213991
0.94383,0.213984
0.943879,0.213973
0.943879,0.213964
0.94383,0.213952
0.94383,0.213942
0.94383,0.213931
0.94383,0.213921
0.94383,0.213913
0.94383,0.213902
0.94383,0.213891
0.94383,0.213878
0.94383,0.213866
0.943879,0.213863
0.943879,0.213854
0.943879,0.213843
0.943879,0.213828
0.94383,0.213818
0.94383,0.213812
0.94383,0.213801
0.94383,0.213797
0.94383,0.213788
0.94383,0.213778
0.94383,0.213768
0.94378,0.21376
0.94378,0.213753
0.94378,0.213746
0.94378,0.213739
0.94378,0.213732
0.94378,0.213722
0.94378,0.213711
0.943731,0.213702
0.943731,0.213693
0.943731,0.213684
0.943731,0.213675
631651,677400,0.932464
0.943731,0.213665
0.943731,0.213656
0.943731,0.213647
0.943731,0.213644
0.943731,0.213638
0.943731,0.213629
0.943731,0.213618
0.943731,0.213612
0.943731,0.213605
0.943731,0.213595
0.943731,0.213587
0.943731,0.213575
0.943731,0.213566
0.943731,0.213559
0.943731,0.213552
0.943731,0.213543
0.943731,0.213534
0.943731,0.213525
0.943731,0.213514
0.943731,0.213503
0.943731,0.213496
0.943681,0.213489
0.943681,0.213482
0.943681,0.213479
0.943681,0.213469
0.943681,0.213462
0.943681,0.213457
0.943731,0.213451
0.943731,0.213443
0.943731,0.213437
0.943731,0.213433
0.943731,0.213427
0.943731,0.21342
0.943731,0.213412
0.943731,0.213404
0.94378,0.213395
0.94378,0.213388
0.94378,0.21338
0.94378,0.213373
0.94378,0.213365
631709,677400,0.932549
0.943731,0.213359
0.943731,0.213354
0.943731,0.213347
0.943731,0.213344
0.943731,0.213337
0.943731,0.213335
0.94378,0.213328
0.94378,0.213327
0.94378,0.21332
0.94378,0.213315
0.94378,0.21331
0.94378,0.213301
0.94378,0.213289
0.94378,0.213283
0.94383,0.213275
0.94383,0.21327
0.943879,0.213264
0.943879,0.213257
0.943879,0.213249
0.94383,0.213245
0.94383,0.213242
0.94383,0.213235
0.94383,0.213228
0.94383,0.21322
0.943928,0.213212
0.943928,0.213205
0.943928,0.213201
0.943928,0.213194
0.943928,0.213192
0.943928,0.213183
0.943928,0.213179
0.943928,0.213172
0.943928,0.213164
0.943928,0.21316
0.943928,0.213153
0.943928,0.213148
0.943928,0.21314
0.943928,0.213133
0.943928,0.213129
0.943978,0.213125
631800,677400,0.932684
0.943978,0.213122
0.943978,0.213118
0.943978,0.213109
0.943978,0.213108
0.943978,0.213104
0.943978,0.213097
0.943978,0.213093
0.943928,0.213085
0.943928,0.213084
0.943928,0.21308
0.944027,0.213072
0.944027,0.213067
0.944027,0.213066
0.943978,0.213062
0.944027,0.213057
0.944027,0.213052
0.944027,0.21305
0.944027,0.213041
0.944027,0.213039
0.944027,0.213036
0.944027,0.213028
0.944027,0.213023
0.944027,0.213021
0.944027,0.213016
0.944027,0.213013
0.944077,0.213005
0.944077,0.213
0.944077,0.212998
0.944077,0.212996
0.944077,0.21299
0.944077,0.212983
0.944077,0.212976
0.943978,0.212968
0.944027,0.212969
0.944027,0.212964
0.944027,0.212954
0.944027,0.212948
0.944027,0.212947
0.944077,0.21294
0.944077,0.212935
631855,677400,0.932765
0.944077,0.21293
0.944077,0.212923
0.944027,0.212918
0.944027,0.212908
0.944027,0.212903
0.944027,0.212898
0.944027,0.212897
0.944077,0.212892
0.944077,0.212888
0.944077,0.212884
0.944077,0.212877
0.944077,0.212872
0.944077,0.21287
0.944027,0.212863
0.944027,0.212857
0.944027,0.212857
0.944027,0.212853
0.944027,0.212852
0.944027,0.212848
0.944027,0.212837
0.944027,0.212832
0.944027,0.212826
0.944027,0.212822
0.944027,0.212817
0.944027,0.212809
0.944027,0.212802
0.944027,0.212798
0.944027,0.212796
0.944027,0.212792
0.944027,0.212786
0.944027,0.212787
0.944027,0.212781
0.944027,0.212774
0.944027,0.212767
0.944027,0.212765
0.944027,0.212761
0.944027,0.212759
0.944027,0.212752
0.944027,0.212749
0.944027,0.212746
631972,677400,0.932938
0.944027,0.212737
0.944027,0.212733
0.944027,0.212729
0.944027,0.212728
0.944027,0.212725
0.944027,0.212721
0.944077,0.212716
0.944077,0.212712
0.944077,0.212705
0.944077,0.2127
0.944126,0.212698
0.944126,0.212694
0.944126,0.212691
0.944126,0.212689
0.944126,0.212683
0.944126,0.21268
0.944126,0.212678
0.944126,0.212674
0.944126,0.212672
0.944126,0.212667
0.944126,0.212666
0.944126,0.212664
0.944126,0.21266
0.944126,0.212654
0.944126,0.212648
0.944126,0.21265
0.944175,0.212647
0.944126,0.21265
0.944126,0.212651
0.944126,0.21265
0.944126,0.212647
0.944126,0.212642
0.944126,0.212636
0.944126,0.21263
0.944126,0.212626
0.944126,0.212618
0.944126,0.212613
0.944126,0.212618
0.944126,0.212612
0.944126,0.21261
632061,677400,0.933069
0.944126,0.212609
0.944126,0.212606
0.944126,0.212605
0.944126,0.212603
0.944077,0.212601
0.944077,0.212597
0.944077,0.212591
0.944077,0.212588
0.944077,0.212583
0.944077,0.21258
0.944077,0.212578
0.944027,0.212575
0.944027,0.212572
0.944027,0.212567
0.944077,0.212567
0.944077,0.212563
0.944077,0.212558
0.944126,0.212556
0.944126,0.212546
0.944126,0.212542
0.944126,0.21254
0.944126,0.212539
0.944126,0.212538
0.944126,0.212534
0.944175,0.212528
0.944225,0.212525
0.944225,0.212523
0.944225,0.212523
0.944225,0.212523
0.944225,0.21252
0.944225,0.212519
0.944225,0.212512
0.944225,0.212509
0.944225,0.212509
0.944225,0.212507
0.944225,0.212504
0.944225,0.212506
0.944225,0.212503
0.944225,0.212502
0.944225,0.212501
632160,677400,0.933215
0.944225,0.212497
0.944225,0.212495
0.944274,0.212493
0.944324,0.212493
0.944324,0.212493
0.944373,0.212487
0.944373,0.212485
0.944373,0.212479
0.944373,0.21248
0.944373,0.212475
0.944373,0.212474
0.944373,0.212477
0.944373,0.212478
0.944373,0.212474
0.944373,0.21247
0.944422,0.212466
0.944472,0.212464
0.944472,0.212461
0.944472,0.212462
0.944422,0.212463
0.944422,0.212461
0.944422,0.212459
0.944422,0.21246
0.944422,0.212461
0.944472,0.212457
0.944472,0.21245
0.944472,0.212447
0.944472,0.212443
0.944472,0.212443
0.944472,0.21244
0.944472,0.212437
0.944422,0.212436
0.944472,0.212434
0.944472,0.212431
0.944472,0.212432
0.944472,0.21243
0.944472,0.212428
0.944472,0.212425
0.944472,0.212422
0.944472,0.212419
632263,677400,0.933367
0.944472,0.212417
0.944472,0.21241
0.944472,0.212407
0.944472,0.212404
0.944472,0.212401
0.944472,0.212401
0.944472,0.212392
0.944472,0.212392
0.944422,0.212384
0.944422,0.212382
0.944422,0.212379
0.944472,0.212375
0.944472,0.212372
0.944472,0.212373
0.944521,0.212372
0.944521,0.21237
0.944521,0.212372
0.944521,0.212366
0.944521,0.212365
0.944472,0.212365
0.944472,0.212364
0.944472,0.21236
0.944521,0.212355
0.944521,0.212355
0.944521,0.212348
0.944521,0.212343
0.944521,0.212338
0.944521,0.212337
0.944521,0.212333
0.944521,0.21233
0.944521,0.212326
0.944521,0.212322
0.944571,0.212321
0.944521,0.212318
0.944521,0.212313
0.944521,0.212311
0.944521,0.212305
0.94462,0.212304
0.94462,0.212303
0.94462,0.2123
632333,677400,0.933471
0.94462,0.212299
0.94462,0.212298
0.94462,0.212297
0.94462,0.212294
0.94462,0.212296
0.94462,0.212293
0.94462,0.21229
0.944669,0.212291
0.944669,0.212292
0.944669,0.212291
0.944669,0.212289
0.944669,0.212285
0.944669,0.212284
0.944669,0.212283
0.944669,0.212282
0.944669,0.212281
0.94462,0.212282
0.94462,0.212285
0.94462,0.212283
0.944669,0.212283
0.944669,0.212285
0.944669,0.212283
0.944669,0.212284
0.944669,0.212283
0.944669,0.21228
0.944669,0.212276
0.944669,0.212277
0.944669,0.212275
0.944669,0.21227
0.944719,0.212267
0.944719,0.212266
0.944719,0.212262
0.944719,0.21226
0.944719,0.212261
0.944719,0.212257
0.944719,0.212257
0.944719,0.212255
0.944719,0.212254
0.944719,0.21225
0.944719,0.212245
632370,677400,0.933525
0.944719,0.212245
0.944719,0.212241
0.944669,0.21224
0.944719,0.212242
0.944669,0.21224
0.944669,0.212236
0.944669,0.212236
0.944669,0.212236
0.944669,0.212234
0.944719,0.21223
0.944719,0.212229
0.944719,0.212226
0.944719,0.212225
0.944818,0.212222
0.944818,0.212222
0.944818,0.212221
0.944818,0.212222
0.944818,0.212222
0.944867,0.21222
0.944867,0.21222
0.944867,0.212223
0.944867,0.212221
0.944917,0.212221
0.944917,0.212224
0.944917,0.212226
0.944917,0.21222
0.944917,0.212223
0.945164,0.212216
0.945164,0.212219
0.945164,0.212215
0.945164,0.212213
0.945164,0.212211
0.945213,0.212209
0.945213,0.212207
0.945213,0.212205
0.945213,0.212207
0.945213,0.212206
0.945213,0.212207
0.945213,0.212204
0.945213,0.212204
632427,677400,0.933609
0.945213,0.212201
0.945213,0.212202
0.945213,0.212198
0.945213,0.212194
0.945213,0.212196
0.945213,0.212198
0.945213,0.212199
0.945262,0.212193
0.945213,0.212193
0.945213,0.212193
0.945213,0.212191
0.945213,0.21219
0.945213,0.21219
0.945213,0.212191
0.945213,0.212191
0.945213,0.212197
0.945213,0.212196
0.945213,0.212192
0.945213,0.212191
0.945213,0.212193
0.945213,0.212191
0.945262,0.212193
0.945262,0.212193
0.945312,0.212192
0.945361,0.212192
0.945361,0.212191
0.945361,0.212191
0.945361,0.212189
0.945411,0.212187
0.945411,0.212187
0.945411,0.21219
0.945411,0.212193
0.945411,0.212197
0.945411,0.2122
0.945411,0.212197
0.945411,0.212203
0.945411,0.212203
0.94546,0.212205
0.945509,0.212204
0.945509,0.212204
632473,677400,0.933677
0.945509,0.212205
0.945509,0.212208
0.945509,0.21221
0.945559,0.212203
0.945559,0.212203
0.945559,0.2122
0.945559,0.212203
0.945559,0.212203
0.945559,0.212201
0.945559,0.212201
0.945559,0.2122
0.945559,0.212201
0.945559,0.212201
0.945559,0.212203
0.945559,0.212202
0.945559,0.2122
0.945559,0.212203
0.945559,0.212202
0.945559,0.212197
0.945559,0.212198
0.945559,0.212199
0.945608,0.212197
0.945608,0.212198
0.945608,0.212195
0.945608,0.212197
0.945658,0.212203
0.945658,0.212199
0.945658,0.212194
0.945658,0.212189
0.945658,0.212189
0.945658,0.212192
0.945658,0.212189
0.945658,0.212187
0.945707,0.212187
0.945707,0.212185
0.945756,0.212184
0.945756,0.212182
0.945756,0.212183
0.945806,0.212187
0.945806,0.212187
632549,677400,0.933789
0.945855,0.212183
0.945855,0.212178
0.945855,0.212177
0.945905,0.212177
0.945905,0.212177
0.945905,0.212174
0.945905,0.212174
0.945905,0.212177
0.945855,0.212179
0.945855,0.212178
0.945855,0.212178
0.945855,0.21218
0.945855,0.212181
0.945855,0.212183
0.945855,0.212184
0.945905,0.212185
0.945905,0.21218
0.945954,0.212181
0.945954,0.212182
0.945954,0.212182
0.945954,0.212183
0.945954,0.212181
0.945954,0.212179
0.945954,0.21218
0.945954,0.212181
0.946003,0.212183
0.946003,0.212183
0.946003,0.212193
0.946003,0.212194
0.946003,0.212194
0.946003,0.212196
0.946003,0.212195
0.946003,0.212195
0.946053,0.212199
0.946053,0.212199
0.946053,0.212198
0.946053,0.212199
0.946053,0.2122
0.946053,0.2122
0.946053,0.212196
632642,677400,0.933927
0.946102,0.212197
0.946102,0.212202
0.946152,0.212204
0.946152,0.212206
0.946152,0.212209
0.946201,0.212215
0.946201,0.212216
0.946201,0.212216
0.946201,0.212219
0.946201,0.212219
0.946201,0.212221
0.946201,0.212222
0.946201,0.212224
0.946201,0.212223
0.9463,0.212223
0.9463,0.212219
0.946349,0.212223
0.9463,0.212219
0.946349,0.212226
0.946349,0.212224
0.946349,0.212226
0.946349,0.212229
0.946349,0.212232
0.946349,0.212231
0.946349,0.212231
0.946349,0.212235
0.946349,0.212237
0.946349,0.212239
0.946349,0.212237
0.9463,0.212238
0.9463,0.212239
0.9463,0.21224
0.9463,0.212241
0.9463,0.212241
0.946349,0.212242
0.946349,0.212247
0.946349,0.21225
0.946349,0.21225
0.946349,0.212255
0.9463,0.212253
632684,677400,0.933989
0.9463,0.212253
0.9463,0.212259
0.9463,0.212259
0.9463,0.212259
0.9463,0.212258
0.94625,0.212264
0.94625,0.212267
0.94625,0.212269
0.94625,0.21227
0.94625,0.212269
0.9463,0.212271
0.94625,0.212274
0.94625,0.212274
0.94625,0.212276
0.94625,0.212273
0.9463,0.212276
0.9463,0.212274
0.9463,0.212277
0.9463,0.212279
0.9463,0.212284
0.946349,0.212285
0.946349,0.212286
0.946399,0.212289
0.946399,0.212294
0.946399,0.212295
0.946399,0.212301
0.946399,0.212303
0.946399,0.212302
0.946399,0.212305
0.946399,0.212309
0.946399,0.212315
0.946399,0.21232
0.946399,0.212322
0.946547,0.212323
0.946547,0.212328
0.946547,0.212329
0.946547,0.212327
0.946547,0.212331
0.946547,0.212329
0.946547,0.212333
632747,677400,0.934082
0.946547,0.212332
0.946547,0.212335
0.946547,0.212336
0.946547,0.212339
0.946547,0.212344
0.946596,0.212349
0.946596,0.212352
0.946695,0.212349
0.946695,0.212355
0.946695,0.212356
0.946695,0.212358
0.946695,0.212363
0.946695,0.212362
0.946695,0.212362
0.946695,0.212364
0.946695,0.212367
0.946695,0.212367
0.946646,0.212368
0.946695,0.21237
0.946646,0.21237
0.946646,0.212369
0.946646,0.212372
0.946646,0.212371
0.946646,0.212369
0.946695,0.21237
0.946695,0.212373
0.946695,0.212374
0.946695,0.212374
0.946695,0.212376
0.946695,0.212377
0.946695,0.212383
0.946695,0.212386
0.946744,0.212389
0.946744,0.212391
0.946744,0.212392
0.946695,0.212393
0.946695,0.212396
0.946695,0.212396
0.946695,0.212396
0.946695,0.212399
632784,677400,0.934136
0.946695,0.212405
0.946695,0.212411
0.946695,0.212416
0.946695,0.212421
0.946695,0.212423
0.946695,0.212421
0.946695,0.212424
0.946744,0.212421
0.946744,0.212421
0.946744,0.212423
0.946744,0.212422
0.946744,0.21243
0.946744,0.212434
0.946744,0.212439
0.946794,0.21244
0.946744,0.21244
0.946744,0.212446
0.946744,0.212446
0.946794,0.212446
0.946794,0.212449
0.946794,0.212451
0.946794,0.212458
0.946843,0.212462
0.946794,0.212462
0.946794,0.212464
0.946794,0.212467
0.946843,0.212467
0.946843,0.212471
0.946843,0.212478
0.946843,0.21248
0.946843,0.212483
0.946843,0.212485
0.946893,0.212492
0.94714,0.212496
0.94714,0.212497
0.94714,0.212502
0.94714,0.212505
0.94714,0.212508
0.947041,0.212512
0.947041,0.212517
632844,677400,0.934225
0.94709,0.212518
0.947041,0.212523
0.947041,0.212527
0.947041,0.212532
0.947041,0.212535
0.947041,0.21254
0.947041,0.212543
0.947041,0.212546
0.947041,0.21255
0.947041,0.212556
0.946991,0.212559
0.946991,0.212563
0.946991,0.212566
0.946991,0.21257
0.946991,0.212573
0.946991,0.212575
0.946991,0.212579
0.946942,0.212581
0.946893,0.212591
0.946893,0.212593
0.946893,0.212595
0.946893,0.2126
0.946893,0.212603
0.946893,0.212607
0.946893,0.212615
0.946893,0.212617
0.946893,0.212624
0.946893,0.212626
0.946893,0.212628
0.946893,0.21263
0.946893,0.212632
0.946893,0.212633
0.946893,0.212643
0.946893,0.212654
0.946893,0.212655
0.946843,0.212657
0.946843,0.212665
0.946843,0.212669
0.946843,0.212671
0.946843,0.212677
632901,677400,0.934309
0.946843,0.21268
0.946794,0.212678
0.946744,0.212681
0.946744,0.212684
0.946744,0.212686
0.946744,0.212687
0.946695,0.212691
0.946695,0.212693
0.946695,0.212698
0.946695,0.212701
0.946695,0.212702
0.946695,0.212704
0.946695,0.212711
0.946695,0.212713
0.946695,0.212713
0.946695,0.212718
0.946646,0.212724
0.946646,0.212729
0.946695,0.212734
0.946695,0.212739
0.946695,0.212746
0.946695,0.21275
0.946695,0.212753
0.946695,0.212756
0.946695,0.212761
0.946695,0.212766
0.946695,0.212771
0.946695,0.212773
0.946695,0.21278
0.946695,0.212785
0.946744,0.212784
0.946744,0.212785
0.946794,0.21279
0.946794,0.212798
0.946843,0.2128
0.946843,0.212808
0.946893,0.212816
0.946893,0.212822
0.946893,0.212828
0.946893,0.212831
632935,677400,0.934359
0.946893,0.212834
0.946942,0.212839
0.946991,0.212838
0.946991,0.212841
0.946991,0.212853
0.946991,0.212859
0.946991,0.212862
0.946991,0.212866
0.946991,0.212867
0.946991,0.212875
0.946991,0.212875
0.946991,0.21288
0.946991,0.212887
0.946991,0.212889
0.946991,0.212894
0.946991,0.2129
0.946991,0.212903
0.946991,0.212905
0.946991,0.212913
0.946991,0.212916
0.946991,0.212924
0.946991,0.212926
0.946991,0.21293
0.946991,0.212935
0.946991,0.212944
0.946942,0.212946
0.946942,0.212948
0.946991,0.212953
0.946991,0.212959
0.946991,0.212964
0.946991,0.212968
0.946991,0.212971
0.946991,0.212977
0.946991,0.21298
0.946991,0.212987
0.946991,0.212987
0.946991,0.212996
0.946991,0.213001
0.946991,0.21301
0.946991,0.213014
632963,677400,0.934401
0.946942,0.213016
0.946991,0.213016
0.946991,0.213019
0.946991,0.213026
0.94709,0.213029
0.94709,0.213032
0.94709,0.213037
0.94709,0.213041
0.94709,0.213047
0.94709,0.213048
0.94709,0.213051
0.94709,0.213059
0.94709,0.213061
0.94709,0.213067
0.94709,0.213069
0.94709,0.213078
0.94709,0.213083
0.94709,0.213084
0.94709,0.213088
0.947041,0.213094
0.947041,0.213103
0.94709,0.213107
0.94709,0.213116
0.94709,0.213119
0.94709,0.213123
0.94714,0.21313
0.94714,0.213132
0.947041,0.213132
0.94709,0.213139
0.94709,0.213145
0.94709,0.213151
0.94709,0.213159
0.94709,0.213163
0.94709,0.213169
0.94709,0.213174
0.94709,0.213182
0.94709,0.213188
0.94709,0.213196
0.94709,0.213199
0.94709,0.213202
632996,677400,0.934449
0.94709,0.21321
0.947041,0.213213
0.947041,0.213219
0.947041,0.213226
0.947041,0.213232
0.94709,0.213235
0.947041,0.213238
0.947041,0.213237
0.947041,0.21324
0.947041,0.213245
0.947041,0.213249
0.947041,0.213258
0.947041,0.213261
0.947041,0.213265
0.947041,0.21327
0.947041,0.213273
0.947041,0.213273
0.947041,0.213278
0.947041,0.21328
0.947041,0.213282
0.947041,0.213284
0.947041,0.213287
0.947041,0.213294
0.946991,0.213302
0.946991,0.213309
0.946991,0.213316
0.946991,0.213318
0.946991,0.21332
0.946991,0.213325
0.946991,0.213331
0.946991,0.213339
0.946991,0.213347
0.946991,0.21335
0.946991,0.213355
0.946991,0.213358
0.946991,0.213364
0.946991,0.213363
0.946991,0.213368
0.946991,0.213377
0.946991,0.213386
633026,677400,0.934494
0.946991,0.213391
0.946991,0.213393
0.946991,0.213402
0.946991,0.213409
0.946991,0.213416
0.946991,0.213422
0.946991,0.213429
0.946991,0.213433
0.946942,0.21344
0.946942,0.213446
0.946942,0.213452
0.946942,0.213456
0.946942,0.213461
0.946942,0.21347
0.946942,0.213475
0.946942,0.213478
0.946942,0.213482
0.946893,0.213487
0.946893,0.213496
0.946893,0.213498
0.946893,0.213504
0.946893,0.213505
0.946893,0.213516
0.946893,0.21352
0.946893,0.213527
0.946942,0.213528
0.946942,0.213534
0.946942,0.213542
0.946942,0.213546
0.946942,0.213548
0.946942,0.213553
0.946942,0.213557
0.946942,0.213562
0.946942,0.213572
0.946942,0.213577
0.946942,0.213583
0.946942,0.21359
0.946942,0.213597
0.946991,0.213604
0.946991,0.213615
633121,677400,0.934634
0.946991,0.213625
0.946991,0.213633
0.946991,0.213635
0.946991,0.213641
0.946991,0.213651
0.946991,0.213656
0.946991,0.213662
0.946991,0.21367
0.946991,0.213676
0.946991,0.213678
0.946991,0.213683
0.946991,0.213692
0.946991,0.213696
0.946942,0.213704
0.946942,0.21371
0.946942,0.213718
0.946942,0.213723
0.946942,0.21373
0.946942,0.213737
0.946942,0.213747
0.946942,0.213755
0.946942,0.213762
0.946942,0.213764
0.946942,0.213771
0.946942,0.213777
0.946942,0.213786
0.946942,0.213793
0.946942,0.213801
0.946942,0.213803
0.946991,0.213807
0.946991,0.213809
0.947041,0.213818
0.947041,0.213822
0.947041,0.213827
0.947041,0.213829
0.947041,0.213834
0.94709,0.213833
0.94709,0.21384
0.94709,0.213848
0.94709,0.21385
633093,677400,0.934593
0.94709,0.213853
0.94709,0.213856
0.94709,0.213863
0.94709,0.213864
0.94709,0.213864
0.94709,0.21387
0.94709,0.213877
0.94709,0.213883
0.94709,0.213887
0.94714,0.213892
0.94714,0.213895
0.94714,0.213898
0.94714,0.213899
0.94714,0.213902
0.94714,0.213909
0.94714,0.213914
0.947189,0.213923
0.947189,0.213931
0.947189,0.213937
0.947189,0.213945
0.947189,0.213944
0.947189,0.213951
0.947189,0.213959
0.94714,0.21396
0.947189,0.213961
0.947189,0.213968
0.947189,0.213972
0.947189,0.213976
0.947189,0.213978
0.947189,0.213984
0.947189,0.21399
0.947189,0.213995
0.947189,0.214002
0.947189,0.214003
0.94714,0.214006
0.94714,0.214014
0.94714,0.214018
0.94714,0.214023
0.94714,0.21403
0.94714,0.214038
633197,677400,0.934746
0.94714,0.214043
0.94714,0.214049
0.94714,0.214056
0.94714,0.214061
0.94709,0.214068
0.947189,0.214075
0.947189,0.214079
0.947189,0.214085
0.947189,0.214089
0.947189,0.21409
0.947189,0.214097
0.947238,0.214101
0.947189,0.214104
0.947189,0.214109
0.947189,0.214114
0.947238,0.214121
0.947189,0.214126
0.947238,0.214123
0.947189,0.214124
0.947238,0.214128
0.947189,0.214132
0.947189,0.214134
0.947189,0.214137
0.947189,0.214143
0.947189,0.214147
0.94714,0.214154
0.94709,0.214164
0.94709,0.214176
0.94709,0.214181
0.94709,0.214186
0.94709,0.21419
0.94709,0.2142
0.94709,0.214202
0.94709,0.214209
0.94709,0.214214
0.94714,0.214222
0.94714,0.214229
0.94714,0.214236
0.94714,0.214239
0.94714,0.214242
633216,677400,0.934774
0.94714,0.214247
0.94714,0.214252
0.94714,0.214257
0.94714,0.214263
0.94714,0.214268
0.94714,0.214269
0.94714,0.214271
0.94714,0.214278
0.94714,0.21428
0.94714,0.214286
0.94709,0.214294
0.94714,0.2143
0.94714,0.214306
0.94714,0.214312
0.94714,0.214317
0.94714,0.214319
0.94714,0.214323
0.94714,0.214325
0.94714,0.21433
0.94714,0.214332
0.94714,0.214341
0.94714,0.214349
0.94714,0.214353
0.94714,0.214358
0.947238,0.214364
0.947288,0.214368
0.947288,0.214377
0.947288,0.214386
0.947288,0.214394
0.947288,0.2144
0.947238,0.214408
0.947238,0.214411
0.947238,0.214419
0.947238,0.214422
0.947238,0.214425
0.947238,0.21443
0.947238,0.214433
0.947238,0.214439
0.947238,0.214445
0.947238,0.21445
633229,677400,0.934793
0.947238,0.214456
0.947288,0.214458
0.947288,0.214465
0.947288,0.214475
0.947288,0.214484
0.947288,0.214483
0.947288,0.214486
0.947337,0.21449
0.947337,0.214494
0.947337,0.214501
0.947337,0.214502
0.947337,0.214509
0.947387,0.214514
0.947387,0.214516
0.947387,0.214525
0.947387,0.214529
0.947436,0.214538
0.947436,0.214549
0.947436,0.214556
0.947436,0.214565
0.947436,0.214566
0.947436,0.214574
0.947436,0.214576
0.947436,0.214583
0.947436,0.214589
0.947436,0.214599
0.947436,0.214605
0.947436,0.214611
0.947436,0.214612
0.947436,0.214618
0.947436,0.21462
0.947436,0.214624
0.947436,0.21463
0.947436,0.214638
0.947436,0.214642
0.947436,0.214649
0.947436,0.214654
0.947436,0.214662
0.947436,0.214671
0.947436,0.214678
633268,677400,0.934851
0.947436,0.214685
0.947387,0.214695
0.947387,0.214702
0.947337,0.214708
0.947337,0.214713
0.947337,0.214719
0.947337,0.214721
0.947337,0.214726
0.947337,0.214733
0.947337,0.214741
0.947337,0.214746
0.947337,0.214751
0.947337,0.214756
0.947337,0.214767
0.947288,0.214767
0.947238,0.214773
0.947238,0.21478
0.947337,0.214786
0.947337,0.21479
0.947337,0.214795
0.947337,0.214801
0.947337,0.214807
0.947337,0.214816
0.947337,0.214824
0.947337,0.21483
0.947387,0.21484
0.947387,0.214852
0.947387,0.214859
0.947436,0.214871
0.947337,0.214879
0.947337,0.214883
0.947288,0.21489
0.947288,0.214898
0.947288,0.214902
0.947288,0.21491
0.947288,0.214916
0.947337,0.214922
0.947387,0.214925
0.947387,0.214933
0.947387,0.214937
633261,677400,0.934841
0.947387,0.214947
0.947387,0.214953
0.947387,0.214956
0.947436,0.214964
0.947436,0.214975
0.947436,0.214979
0.947436,0.214986
0.947436,0.214994
0.947436,0.215002
0.947387,0.215011
0.947387,0.215019
0.947436,0.215033
0.947387,0.215042
0.947387,0.215053
0.947387,0.215061
0.947387,0.215065
0.947387,0.215071
0.947387,0.215078
0.947387,0.215084
0.947387,0.215094
0.947387,0.215105
0.947387,0.215115
0.947387,0.215127
0.947387,0.215136
0.947387,0.215147
0.947387,0.215156
0.947387,0.21516
0.947387,0.215169
0.947436,0.215173
0.947436,0.215181
0.947436,0.215192
0.947387,0.215203
0.947387,0.215209
0.947387,0.215215
0.947387,0.215224
0.947387,0.215229
0.947387,0.215236
0.947387,0.215242
0.947387,0.215244
0.947387,0.215247
633252,677400,0.934827
0.947387,0.215247
0.947387,0.21525
0.947436,0.215257
0.947436,0.215268
0.947436,0.215274
0.947436,0.215282
0.947436,0.215285
0.947436,0.215291
0.947436,0.215296
0.947436,0.215302
0.947436,0.215307
0.947485,0.215315
0.947485,0.215322
0.947485,0.215331
0.947485,0.215335
0.947485,0.215341
0.947485,0.215345
0.947485,0.215356
0.947485,0.215365
0.947485,0.215371
0.947485,0.21538
0.947485,0.215384
0.947485,0.215393
0.947485,0.215403
0.947485,0.215411
0.947485,0.215419
0.947485,0.215428
0.947485,0.215438
0.947485,0.215447
0.947485,0.215454
0.947485,0.215462
0.947485,0.21547
0.947485,0.215477
0.947485,0.215484
0.947485,0.215494
0.947436,0.215504
0.947535,0.215512
0.947535,0.215517
0.947535,0.215524
0.947584,0.215533
633246,677400,0.934818
0.947584,0.215542
0.947584,0.215551
0.947584,0.215558
0.947584,0.215566
0.947584,0.215577
0.947535,0.215587
0.947535,0.215599
0.947535,0.215607
0.947535,0.215615
0.947535,0.215627
0.947535,0.215628
0.947535,0.215639
0.947535,0.215643
0.947485,0.215653
0.947535,0.215657
0.947535,0.215663
0.947535,0.21567
0.947535,0.215676
0.947535,0.215679
0.947535,0.215684
0.947584,0.21569
0.947535,0.215701
0.947535,0.215711
0.947535,0.21572
0.947535,0.215729
0.947535,0.215739
0.947535,0.215746
0.947535,0.215758
0.947535,0.215771
0.947535,0.215775
0.947535,0.215787
0.947535,0.21579
0.947535,0.2158
0.947535,0.215803
0.947535,0.21581
0.947535,0.215819
0.947535,0.215819
0.947485,0.215825
0.947485,0.215832
0.947485,0.21584
633218,677400,0.934777
0.947436,0.215848
0.947485,0.21586
0.947436,0.21587
0.947436,0.215879
0.947436,0.215885
0.947436,0.215891
0.947436,0.215899
0.947436,0.215907
0.947436,0.215911
0.947436,0.215915
0.947436,0.215919
0.947436,0.215928
0.947436,0.215936
0.947436,0.21594
0.947436,0.215948
0.947436,0.215955
0.947436,0.21596
0.947436,0.215972
0.947436,0.215981
0.947436,0.215983
0.947436,0.215983
0.947436,0.215994
0.947436,0.216006
0.947436,0.216018
0.947436,0.216025
0.947436,0.216036
0.947436,0.216044
0.947436,0.216048
0.947436,0.216055
0.947436,0.216068
0.947436,0.216075
0.947436,0.21608
0.947436,0.216091
0.947436,0.216103
0.947436,0.216107
0.947436,0.216114
0.947436,0.216121
0.947436,0.216128
0.947485,0.216136
0.947485,0.216143
633207,677400,0.934761
0.947485,0.216151
0.947485,0.216157
0.947485,0.216164
0.947485,0.216173
0.947535,0.216181
0.947535,0.216187
0.947535,0.216196
0.947535,0.216201
0.947535,0.216209
0.947535,0.216217
0.947535,0.216218
0.947535,0.216223
0.947535,0.21623
0.947535,0.216241
0.947535,0.216246
0.947535,0.216256
0.947485,0.216263
0.947535,0.216267
0.947535,0.216273
0.947535,0.216278
0.947535,0.216285
0.947535,0.216294
0.947535,0.216306
0.947535,0.216311
0.947535,0.216317
0.947485,0.216324
0.947485,0.216333
0.947485,0.216341
0.947485,0.216349
0.947485,0.216355
0.947485,0.216367
0.947485,0.216371
0.947535,0.21638
0.947535,0.216384
0.947584,0.216387
0.947584,0.216392
0.947584,0.216399
0.947584,0.216407
0.947584,0.216414
0.947584,0.216421
633206,677400,0.934759
0.947535,0.216428
0.947584,0.216441
0.947584,0.21645
0.947584,0.216454
0.947584,0.216461
0.947584,0.21647
0.947634,0.216478
0.947584,0.216489
0.947584,0.216494
0.947634,0.216502
0.947634,0.216508
0.947634,0.216522
0.947634,0.216531
0.947584,0.216539
0.947634,0.216543
0.947634,0.216553
0.947634,0.216563
0.947584,0.216575
0.947634,0.216578
0.947634,0.216586
0.947584,0.216596
0.947584,0.216604
0.947584,0.21661
0.947584,0.216617
0.947584,0.21663
0.947584,0.21664
0.947584,0.216647
0.947584,0.216653
0.947584,0.216659
0.947584,0.216671
0.947584,0.216681
0.947584,0.21669
0.947584,0.216697
0.947584,0.216708
0.947584,0.216717
0.947584,0.216726
0.947584,0.216739
0.947634,0.216746
0.947634,0.216756
0.947634,0.216763
633212,677400,0.934768
0.947634,0.216769
0.947634,0.216781
0.947634,0.216791
0.947634,0.216798
0.947634,0.216806
0.947634,0.216814
0.947634,0.216828
0.947634,0.216837
0.947634,0.216849
0.947634,0.216861
0.947634,0.216868
0.947634,0.216876
0.947634,0.216881
0.947634,0.216885
0.947634,0.216897
0.947634,0.216903
0.947683,0.216913
0.947683,0.216923
0.947683,0.216936
0.947683,0.216947
0.947683,0.216955
0.947634,0.216962
0.947634,0.21697
0.947584,0.216978
0.947584,0.216986
0.947584,0.216989
0.947584,0.216996
0.947584,0.217005
0.947584,0.217013
0.947535,0.217019
0.947584,0.217025
0.947584,0.217036
0.947584,0.217046
0.947584,0.217056
0.947584,0.217066
0.947584,0.217078
0.947584,0.217089
0.947584,0.217092
0.947584,0.217102
0.947584,0.217111
633201,677400,0.934752
0.947584,0.217117
0.947584,0.217124
0.947584,0.21713
0.947584,0.217137
0.947634,0.217146
0.947634,0.217151
0.947584,0.21716
0.947584,0.21717
0.947584,0.217181
0.947584,0.217193
0.947584,0.217201
0.947584,0.217207
0.947584,0.217217
0.947584,0.217228
0.947584,0.217233
0.947584,0.217244
0.947584,0.217253
0.947584,0.21726
0.947584,0.217271
0.947584,0.217279
0.947634,0.217285
0.947634,0.217293
0.947634,0.217303
0.947634,0.217311
0.947634,0.217318
0.947634,0.217326
0.947683,0.217332
0.947683,0.21734
0.947683,0.217347
0.947683,0.217358
0.947683,0.217364
0.947683,0.217374
0.947683,0.217383
0.947683,0.217394
0.947683,0.217402
0.947683,0.217404
0.947683,0.217413
0.947732,0.217421
0.947732,0.21743
0.947732,0.217439
633218,677400,0.934777
0.947732,0.217443
0.947732,0.217451
0.947732,0.217468
0.947732,0.21748
0.947732,0.217485
0.947732,0.217496
0.947732,0.217508
0.947732,0.217517
0.947732,0.217525
0.947683,0.217534
0.947732,0.217541
0.947732,0.217552
0.947732,0.217562
0.947732,0.217572
0.947732,0.217578
0.947732,0.217587
0.947782,0.217593
0.947782,0.217598
0.947782,0.217609
0.947782,0.217615
0.947782,0.217624
0.947782,0.217635
0.947782,0.217645
0.947831,0.217655
0.947831,0.217665
0.947831,0.217672
0.947831,0.217674
0.947831,0.217681
0.947831,0.217686
0.947831,0.217688
0.947831,0.217696
0.947782,0.217703
0.947782,0.217709
0.947782,0.217722
0.947831,0.217732
0.947881,0.21774
0.947881,0.217744
0.947881,0.217754
0.947881,0.217762
0.947881,0.217772
633248,677400,0.934821
0.947881,0.217777
0.947881,0.217785
0.947881,0.21779
0.947881,0.217803
0.947881,0.217808
0.947881,0.217817
0.947881,0.217827
0.947881,0.217834
0.947881,0.217839
0.947881,0.217848
0.947881,0.21786
0.947881,0.217869
0.947881,0.217875
0.947881,0.217885
0.947881,0.217894
0.947881,0.217904
0.947881,0.217907
0.947881,0.217917
0.947881,0.217929
0.947881,0.217935
0.947881,0.217947
0.947881,0.217953
0.947881,0.217966
0.947831,0.217978
0.947831,0.217989
0.947831,0.218003
0.947831,0.218014
0.947831,0.218022
0.947831,0.218033
0.947881,0.218043
0.94793,0.218053
0.94793,0.218063
0.94793,0.218068
0.94793,0.218071
0.94793,0.218078
0.94793,0.218088
0.94793,0.218092
0.94793,0.218102
0.94793,0.218107
0.94793,0.218114
633260,677400,0.934839
0.94793,0.218125
0.94793,0.218133
0.94793,0.218142
0.94793,0.218145
0.947979,0.21815
0.94793,0.218157
0.94793,0.218163
0.94793,0.218171
0.94793,0.218177
0.94793,0.218184
0.94793,0.218187
0.947979,0.218192
0.94793,0.218203
0.94793,0.218214
0.94793,0.218224
0.94793,0.218227
0.94793,0.21824
0.94793,0.218251
0.94793,0.218258
0.94793,0.218261
0.94793,0.218266
0.947979,0.218264
0.947979,0.218271
0.948029,0.218282
0.948029,0.218289
0.948029,0.218295
0.947979,0.218302
0.947979,0.21831
0.947979,0.218321
0.947979,0.218326
0.947979,0.218333
0.947979,0.218341
0.947979,0.218346
0.947979,0.218354
0.947979,0.218363
0.947979,0.218369
0.947979,0.218377
0.947979,0.218389
0.947979,0.218397
0.947979,0.218405
633271,677400,0.934855
0.947979,0.21841
0.947979,0.218414
0.947979,0.21842
0.947979,0.218434
0.947979,0.218439
0.948029,0.21845
0.94793,0.218462
0.94793,0.218476
0.94793,0.218481
0.94793,0.218494
0.94793,0.218504
0.94793,0.218513
0.947881,0.218533
0.947881,0.218541
0.947881,0.218548
0.947881,0.218561
0.947881,0.218566
0.947831,0.218571
0.947831,0.218579
0.947831,0.218587
0.947831,0.218589
0.947831,0.218599
0.947831,0.218604
0.947782,0.218614
0.947782,0.218616
0.947782,0.218628
0.947732,0.218632
0.947732,0.218639
0.947683,0.218654
0.947683,0.218666
0.947683,0.218675
0.947683,0.21868
0.947683,0.218689
0.947683,0.218696
0.947683,0.2187
0.947683,0.218711
0.947683,0.218718
0.947683,0.218728
0.947732,0.218734
0.947782,0.218746
633276,677400,0.934863
0.947782,0.218751
0.947782,0.218759
0.947782,0.218766
0.947782,0.218778
0.947782,0.218785
0.947782,0.218794
0.947782,0.218803
0.947782,0.218809
0.947782,0.218817
0.947782,0.218823
0.947782,0.218833
0.947782,0.218853
0.947782,0.218863
0.947782,0.218871
0.947782,0.218876
0.947732,0.218882
0.947782,0.218887
0.947782,0.2189
0.947782,0.218904
0.947782,0.218912
0.947782,0.218921
0.947732,0.218934
0.947732,0.218942
0.947732,0.218949
0.947732,0.218957
0.947782,0.218963
0.947782,0.218969
0.947782,0.218981
0.947782,0.218989
0.947782,0.218997
0.947782,0.219005
0.947782,0.21901
0.947831,0.219015
0.947831,0.219021
0.947831,0.219026
0.947831,0.21904
0.947831,0.219051
0.947831,0.219061
0.947831,0.219068
0.947881,0.219078
633285,677400,0.934876
0.947831,0.219087
0.947881,0.219096
0.947881,0.219111
0.947881,0.21912
0.947881,0.219127
0.947881,0.219134
0.947881,0.219137
0.947881,0.219148
0.947881,0.219156
0.947881,0.219162
0.947881,0.219171
0.947881,0.219177
0.947881,0.219179
0.947881,0.219192
0.947881,0.219198
0.94793,0.219206
0.94793,0.219217
0.94793,0.219221
0.94793,0.219229
0.94793,0.219245
0.94793,0.219253
0.94793,0.219267
0.94793,0.219275
0.94793,0.21928
0.94793,0.219288
0.94793,0.219295
0.94793,0.2193
0.94793,0.219315
0.94793,0.219329
0.94793,0.219341
0.94793,0.219349
0.94793,0.219357
0.94793,0.219369
0.94793,0.219373
0.94793,0.219383
0.94793,0.219391
0.947881,0.219399
0.947881,0.219407
0.947881,0.219414
0.947881,0.219425
633282,677400,0.934872
0.947881,0.219437
0.947881,0.219446
0.947881,0.219455
0.947881,0.21947
0.947881,0.219477
0.947881,0.219488
0.947881,0.219494
0.947881,0.219502
0.947831,0.219511
0.947831,0.219518
0.947831,0.219527
0.947831,0.219536
0.947831,0.219543
0.947831,0.219551
0.947782,0.219563
0.947782,0.219572
0.947831,0.21958
0.947782,0.219587
0.947782,0.219598
0.947782,0.219604
0.947782,0.21961
0.947732,0.219619
0.947732,0.219635
0.947732,0.219645
0.947732,0.219652
0.947732,0.219657
0.947732,0.219665
0.947732,0.219676
0.947732,0.21969
0.947782,0.2197
0.947782,0.219706
0.947782,0.219713
0.947782,0.219721
0.947782,0.219729
0.947782,0.219744
0.947782,0.219754
0.947782,0.219767
0.947782,0.219773
0.947782,0.21978
0.947782,0.219791
633306,677400,0.934907
0.947782,0.219798
0.947782,0.219809
0.947782,0.219821
0.947782,0.219831
0.947782,0.219834
0.947782,0.219841
0.947881,0.21985
0.947881,0.219855
0.947881,0.219864
0.947831,0.219876
0.947831,0.219887
0.947831,0.219898
0.947831,0.21991
0.947831,0.21992
0.947831,0.21993
0.947831,0.219938
0.947782,0.219948
0.947782,0.219956
0.947782,0.219962
0.947782,0.219966
0.947782,0.219975
0.947782,0.219985
0.947782,0.219995
0.947782,0.220001
0.947782,0.220009
0.947782,0.220019
0.947831,0.220028
0.947831,0.220042
0.947831,0.22005
0.947831,0.220059
0.947831,0.220071
0.947831,0.220081
0.947831,0.220087
0.947831,0.220094
0.947831,0.220104
0.947831,0.220111
0.947831,0.220125
0.947831,0.220136
0.947831,0.220141
0.947831,0.220148
633306,677400,0.934907
0.947831,0.220157
0.947831,0.220167
0.947831,0.220172
0.947831,0.220177
0.947881,0.220189
0.947881,0.220196
0.947881,0.2202
0.947881,0.220212
0.947881,0.220221
0.947881,0.220228
0.94793,0.220235
0.94793,0.220245
0.94793,0.220257
0.94793,0.220266
0.94793,0.220275
0.94793,0.220285
0.947881,0.220293
0.947881,0.220306
0.947881,0.220317
0.947881,0.220326
0.947881,0.220336
0.947881,0.220346
0.947881,0.220353
0.947881,0.220362
0.947881,0.220374
0.94793,0.220385
0.94793,0.220401
0.947979,0.220406
0.947979,0.220415
0.947979,0.220427
0.947979,0.220437
0.947979,0.220451
0.947979,0.220459
0.947979,0.22047
0.947979,0.220482
0.947979,0.22049
0.947979,0.220496
0.947979,0.220508
0.947979,0.22052
0.947979,0.220534
633331,677400,0.934944
0.947979,0.220543
0.947979,0.220548
0.947979,0.220559
0.947979,0.220565
0.947979,0.220578
0.947979,0.220591
0.947979,0.220599
0.947979,0.220606
0.947979,0.220614
0.947979,0.220624
0.947979,0.220634
0.947979,0.220644
0.947979,0.22065
0.947979,0.220659
0.947979,0.220666
0.947979,0.220673
0.94793,0.220685
0.94793,0.220695
0.94793,0.220708
0.94793,0.220706
0.94793,0.220713
0.94793,0.220723
0.94793,0.220737
0.94793,0.220744
0.94793,0.220752
0.94793,0.220764
0.94793,0.220775
0.94793,0.220785
0.94793,0.220795
0.94793,0.220803
0.94793,0.22081
0.94793,0.220817
0.94793,0.220823
0.94793,0.220834
0.94793,0.220845
0.94793,0.220855
0.94793,0.220869
0.947881,0.22088
0.947881,0.220892
0.947881,0.220901
633307,677400,0.934908
0.947881,0.220911
0.947881,0.220917
0.947881,0.220922
0.947881,0.220928
0.947881,0.220935
0.947881,0.220943
0.947881,0.220951
0.947881,0.22096
0.947881,0.220969
0.947881,0.220982
0.947881,0.22099
0.94793,0.220998
0.94793,0.221006
0.94793,0.221016
0.94793,0.221023
0.94793,0.22103
0.94793,0.221037
0.94793,0.221045
0.94793,0.221055
0.94793,0.221067
0.94793,0.221078
0.94793,0.221087
0.94793,0.221099
0.94793,0.221111
0.94793,0.221117
0.94793,0.221123
0.94793,0.221133
0.94793,0.221138
0.94793,0.221148
0.94793,0.221157
0.94793,0.221165
0.94793,0.221171
0.947881,0.221177
0.947881,0.221187
0.947881,0.221195
0.947881,0.221203
0.947881,0.221213
0.947881,0.221219
0.947881,0.221232
0.947881,0.221245
633285,677400,0.934876
0.947881,0.221252
0.947881,0.22126
0.947881,0.221272
0.947881,0.221277
0.947881,0.221286
0.947881,0.221296
0.947881,0.221306
0.947881,0.221312
0.947881,0.221318
0.947881,0.221332
0.947881,0.22134
0.94793,0.221346
0.94793,0.221353
0.947881,0.22136
0.94793,0.221371
0.94793,0.221383
0.94793,0.221393
0.94793,0.221401
0.94793,0.221411
0.94793,0.221412
0.947979,0.221423
0.947979,0.221429
0.947979,0.221434
0.947979,0.221444
0.947979,0.221452
0.947979,0.221465
0.947979,0.221473
0.947979,0.221484
0.947979,0.221499
0.947979,0.22151
0.947979,0.221519
0.94793,0.22153
0.947979,0.221536
0.947979,0.221544
0.947979,0.221554
0.947979,0.22156
0.947979,0.22157
0.947979,0.221581
0.947979,0.221589
0.94793,0.221603
633303,677400,0.934903
0.94793,0.221615
0.94793,0.221629
0.94793,0.221635
0.94793,0.221649
0.94793,0.22166
0.94793,0.221672
0.94793,0.221679
0.94793,0.221694
0.94793,0.221702
0.94793,0.221715
0.947979,0.221723
0.94793,0.221731
0.94793,0.221733
0.947881,0.221741
0.94793,0.221751
0.94793,0.221761
0.947881,0.221774
0.947881,0.221785
0.947881,0.221792
0.947881,0.2218
0.947881,0.221807
0.947881,0.221819
0.947881,0.221827
0.947881,0.221838
0.947881,0.221848
0.94793,0.221862
0.947881,0.221874
0.947881,0.221886
0.947881,0.221894
0.947881,0.221904
0.947881,0.221908
0.947881,0.221914
0.94793,0.221922
0.94793,0.221932
0.94793,0.221943
0.94793,0.22195
0.94793,0.221958
0.94793,0.221967
0.947881,0.221974
0.947881,0.221982
633312,677400,0.934916
0.947881,0.221992
0.947881,0.221999
0.947881,0.222014
0.947881,0.22202
0.947881,0.222027
0.947881,0.222029
0.947881,0.222039
0.947831,0.222048
0.947881,0.222054
0.947881,0.222063
0.94793,0.222071
0.94793,0.222079
0.94793,0.222085
0.94793,0.222089
0.94793,0.222103
0.94793,0.22211
0.94793,0.222121
0.94793,0.222126
0.947979,0.222135
0.948029,0.222141
0.948029,0.22215
0.948029,0.222158
0.947979,0.222164
0.948029,0.222173
0.948029,0.222181
0.948029,0.222187
0.948029,0.2222
0.948029,0.22221
0.947979,0.222223
0.948029,0.222227
0.947979,0.222237
0.948029,0.222252
0.948029,0.222257
0.948029,0.222265
0.947979,0.222277
0.947979,0.222288
0.94793,0.2223
0.947979,0.22231
0.947979,0.222322
0.947979,0.222331
633296,677400,0.934892
0.947979,0.222337
0.947979,0.222346
0.947979,0.222363
0.947979,0.222373
0.94793,0.222378
0.94793,0.222388
0.94793,0.2224
0.947979,0.22241
0.947979,0.22242
0.947979,0.222428
0.947979,0.222436
0.94793,0.222445
0.94793,0.222452
0.94793,0.222468
0.947979,0.222478
0.947979,0.222492
0.948029,0.222499
0.948029,0.22251
0.948029,0.222517
0.948029,0.222529
0.948029,0.22254
0.948029,0.222547
0.948029,0.222551
0.948029,0.222558
0.947979,0.222571
0.948029,0.222581
0.948029,0.222586
0.948029,0.222594
0.948029,0.222605
0.948029,0.222615
0.948029,0.222629
0.948029,0.222636
0.948029,0.222644
0.948029,0.222653
0.948029,0.222666
0.948029,0.222676
0.948029,0.222685
0.948029,0.222695
0.948029,0.222707
0.948029,0.22272
633307,677400,0.934908
0.948029,0.222731
0.948029,0.222741
0.948029,0.222754
0.948029,0.222759
0.948029,0.222771
0.948029,0.222781
0.948029,0.222789
0.948029,0.222798
0.948029,0.222809
0.948029,0.222821
0.948029,0.222831
0.948078,0.222837
0.948078,0.222847
0.948078,0.222856
0.948078,0.222864
0.948078,0.222873
0.948078,0.22288
0.948078,0.222891
0.948078,0.222899
0.948078,0.222909
0.948078,0.222914
0.948078,0.222928
0.948078,0.222942
0.948078,0.222956
0.948078,0.222962
0.948128,0.22297
0.948128,0.22298
0.948128,0.222989
0.948128,0.223003
0.948128,0.223011
0.948128,0.223026
0.948128,0.223035
0.948128,0.223041
0.948078,0.223051
0.948128,0.22306
0.948128,0.223068
0.948128,0.223076
0.948177,0.223086
0.948177,0.223091
0.948177,0.223098
633307,677400,0.934908
0.948177,0.223108
0.948128,0.223117
0.948128,0.223127
0.948078,0.223136
0.948128,0.223144
0.948128,0.223156
0.948177,0.223161
0.948177,0.223172
0.948177,0.223182
0.948177,0.223192
0.948177,0.223219
0.948177,0.223228
0.948177,0.223237
0.948177,0.22325
0.948177,0.223256
0.948177,0.223263
0.948177,0.223271
0.948177,0.223277
0.948177,0.223288
0.948177,0.223301
0.948177,0.223313
0.948177,0.223323
0.948177,0.223333
0.948177,0.223341
0.948177,0.223344
0.948177,0.223351
0.948177,0.223359
0.948226,0.223369
0.948226,0.223381
0.948226,0.223386
0.948177,0.223393
0.948226,0.223402
0.948276,0.223406
0.948276,0.223419
0.948276,0.223423
0.948276,0.223433
0.948276,0.223442
0.948276,0.22345
0.948276,0.223459
0.948276,0.223467
633319,677400,0.934926
0.948276,0.223481
0.948276,0.223491
0.948276,0.223494
0.948276,0.223502
0.948276,0.223513
0.948276,0.223514
0.948276,0.223523
0.948226,0.223531
0.948276,0.223542
0.948226,0.223553
0.948226,0.223564
0.948226,0.223573
0.948226,0.223587
0.948226,0.223605
0.948226,0.223614
0.948226,0.223627
0.948226,0.223635
0.948226,0.223642
0.948226,0.22365
0.948226,0.223658
0.948226,0.223669
0.948226,0.223679
0.948226,0.223683
0.948226,0.223689
0.948226,0.223697
0.948226,0.223704
0.948226,0.223714
0.948325,0.223723
0.948325,0.22373
0.948325,0.22374
0.948325,0.223748
0.948325,0.223752
0.948325,0.223765
0.948325,0.223773
0.948325,0.223783
0.948325,0.223794
0.948325,0.223806
0.948375,0.223816
0.948325,0.22382
0.948325,0.223832
633331,677400,0.934944
0.948325,0.223842
0.948375,0.223847
0.948375,0.223859
0.948375,0.223871
0.948375,0.223879
0.948375,0.223888
0.948375,0.223898
0.948375,0.223913
0.948375,0.223925
0.948325,0.223934
0.948325,0.223937
0.948325,0.22395
0.948325,0.223963
0.948325,0.223967
0.948375,0.223976
0.948375,0.223981
0.948375,0.223994
0.948375,0.224002
0.948375,0.224012
0.948375,0.224023
0.948375,0.22403
0.948375,0.224039
0.948375,0.224051
0.948375,0.22406
0.948375,0.22407
0.948375,0.224077
0.948375,0.22409
0.948523,0.2241
0.948523,0.224113
0.948523,0.224126
0.948523,0.224137
0.948523,0.224146
0.948523,0.224153
0.948523,0.224168
0.948523,0.224174
0.948523,0.224177
0.948523,0.224184
0.948523,0.224188
0.948523,0.224195
0.948523,0.224204
633346,677400,0.934966
0.948523,0.224214
0.948523,0.22423
0.948523,0.224241
0.948523,0.224247
0.948523,0.22426
0.948523,0.224269
0.948523,0.224271
0.948523,0.224278
0.948523,0.224291
0.948572,0.224302
0.948572,0.224317
0.948572,0.224325
0.948572,0.224337
0.948572,0.224347
0.948572,0.224356
0.948572,0.224366
0.948572,0.224378
0.948572,0.224389
0.948572,0.224399
0.948572,0.224411
0.948572,0.224425
0.948572,0.224434
0.948572,0.224448
0.948572,0.224453
0.948523,0.224466
0.948523,0.224469
0.948523,0.22448
0.948523,0.224492
0.948523,0.224502
0.948523,0.224512
0.948523,0.224513
0.948523,0.224528
0.948523,0.224538
0.948523,0.224552
0.948523,0.224564
0.948523,0.224571
0.948523,0.22458
0.948523,0.22459
0.948523,0.224597
0.948523,0.224613
633351,677400,0.934973
0.948523,0.224619
0.948523,0.224627
0.948523,0.224635
0.948523,0.224637
0.948523,0.224644
0.948523,0.224658
0.948523,0.224666
0.948523,0.224681
0.948523,0.224691
0.948523,0.224702
0.948523,0.224714
0.948523,0.224725
0.948523,0.224732
0.948523,0.224739
0.948523,0.224747
0.948523,0.224759
0.948523,0.224769
0.948523,0.224781
0.948473,0.224794
0.948473,0.224801
0.948473,0.224809
0.948473,0.224824
0.948473,0.224832
0.948473,0.224843
0.948473,0.224856
0.948523,0.224867
0.948523,0.224879
0.948523,0.224886
0.948523,0.224897
0.948523,0.22491
0.948523,0.224922
0.948523,0.224935
0.948572,0.224944
0.948572,0.224961
0.948572,0.224966
0.948622,0.224978
0.948572,0.224988
0.948572,0.225003
0.948671,0.225013
0.948671,0.225022
633365,677400,0.934994
0.948671,0.225028
0.948671,0.225038
0.948671,0.225044
0.948671,0.225055
0.948671,0.225064
0.948671,0.225073
0.948671,0.225083
0.948671,0.225095
0.948671,0.225102
0.948671,0.22511
0.948671,0.225121
0.948671,0.225129
0.948671,0.225141
0.948671,0.225149
0.94872,0.225157
0.94872,0.225166
0.94872,0.225176
0.94872,0.225186
0.94872,0.225193
0.94872,0.225197
0.94872,0.225207
0.94872,0.225217
0.94872,0.225232
0.94872,0.225245
0.94872,0.225258
0.94872,0.225268
0.94872,0.225277
0.94872,0.225281
0.94872,0.225292
0.94872,0.225305
0.94872,0.225317
0.94872,0.225325
0.94872,0.22534
0.94872,0.225349
0.94872,0.22536
0.94872,0.225372
0.94872,0.225384
0.94872,0.225398
0.94872,0.225409
0.94872,0.22542
633354,677400,0.934978
0.948671,0.225433
0.948671,0.225444
0.948671,0.225456
0.948671,0.225469
0.948671,0.225482
0.948671,0.225492
0.948671,0.225503
0.948671,0.225516
0.948671,0.225525
0.948671,0.225532
0.948671,0.225537
0.948671,0.225549
0.948671,0.225562
0.948671,0.225571
0.948671,0.225578
0.948671,0.225585
0.948671,0.225596
0.948622,0.225605
0.948622,0.225616
0.948622,0.225628
0.948622,0.225637
0.948622,0.22565
0.948622,0.225656
0.948622,0.225666
0.948622,0.225675
0.948622,0.225687
0.948622,0.225696
0.948622,0.225705
0.948622,0.225713
0.948622,0.225724
0.948622,0.225741
0.948622,0.225752
0.948622,0.225765
0.948622,0.225778
0.948671,0.225792
0.948671,0.2258
0.948671,0.22581
0.948671,0.225822
0.948671,0.225835
0.948671,0.225848
633381,677400,0.935018
0.948671,0.225855
0.948671,0.225865
0.948671,0.22587
0.948671,0.225884
0.948671,0.225895
0.948671,0.22591
0.948671,0.225922
0.948671,0.22593
0.948671,0.225942
0.948671,0.22595
0.948671,0.225965
0.948671,0.225976
0.948671,0.225991
0.948671,0.226005
0.948671,0.226014
0.948671,0.226021
0.948671,0.226026
0.948671,0.226037
0.948671,0.226041
0.948671,0.226057
0.948671,0.226065
0.948671,0.226073
0.948671,0.226088
0.948671,0.226102
0.948671,0.226112
0.948671,0.226122
0.948671,0.226132
0.948671,0.226143
0.948671,0.226155
0.948671,0.226165
0.948671,0.226175
0.948671,0.226186
0.948671,0.226197
0.948671,0.226208
0.948671,0.226216
0.948671,0.226226
0.94872,0.226231
0.94872,0.226239
0.94872,0.226246
0.94872,0.226254
633378,677400,0.935013
0.94872,0.226267
0.94872,0.22628
0.94872,0.226297
0.94872,0.226306
0.94872,0.226315
0.94872,0.226322
0.94872,0.226336
0.94872,0.226352
0.94872,0.226362
0.94872,0.22637
0.94872,0.226386
0.94872,0.226397
0.94872,0.226405
0.94872,0.22642
0.94872,0.226426
0.94872,0.226446
0.94872,0.226457
0.94872,0.22647
0.94872,0.226486
0.94872,0.226494
0.94872,0.226505
0.94872,0.226519
0.94872,0.226532
0.94872,0.226546
0.94872,0.226552
0.94872,0.226562
0.94872,0.226575
0.94872,0.226584
0.94872,0.2266
0.94872,0.22661
0.94872,0.22662
0.94872,0.226632
0.94872,0.226644
0.94872,0.226657
0.94872,0.226669
0.94872,0.226684
0.94872,0.226692
0.94872,0.226703
0.94872,0.226714
0.94872,0.226728
633385,677400,0.935024
0.94872,0.226737
0.94872,0.226743
0.94872,0.226757
0.94872,0.226763
0.94877,0.226775
0.94877,0.226789
0.94877,0.226799
0.94877,0.226807
0.94877,0.226818
0.94877,0.226828
0.94877,0.226845
0.94877,0.226851
0.94877,0.226859
0.94877,0.226869
0.94877,0.226881
0.948819,0.226894
0.948819,0.226899
0.948819,0.226913
0.948819,0.226918
0.948819,0.226929
0.948819,0.226942
0.948819,0.226952
0.948819,0.226964
0.948819,0.226977
0.948819,0.226991
0.948819,0.227003
0.948819,0.227011
0.948819,0.227024
0.948819,0.227032
0.948819,0.22704
0.948819,0.227052
0.948819,0.227062
0.948819,0.227075
0.948819,0.227088
0.948819,0.227098
0.948819,0.227103
0.948819,0.227115
0.948819,0.227126
0.948819,0.227137
0.948819,0.227145
633399,677400,0.935044
0.948819,0.227155
0.948819,0.227165
0.948819,0.227174
0.948819,0.227186
0.948819,0.227204
0.948819,0.227211
0.948819,0.227218
0.948819,0.227225
0.948819,0.227234
0.948819,0.22724
0.948819,0.227249
0.948819,0.227259
0.948819,0.227275
0.948819,0.227288
0.948819,0.2273
0.948819,0.227308
0.948819,0.227321
0.948819,0.227328
0.948819,0.227343
0.948819,0.227354
0.948819,0.227371
0.948819,0.227379
0.948819,0.227386
0.948819,0.227398
0.948819,0.22741
0.948819,0.227423
0.948819,0.227434
0.948819,0.22744
0.948819,0.22745
0.948819,0.22746
0.948819,0.227469
0.948819,0.227477
0.948819,0.227491
0.948819,0.227504
0.948819,0.227512
0.948819,0.227523
0.948819,0.22753
0.948819,0.227546
0.948819,0.227554
0.948819,0.227568
633395,677400,0.935038
0.948819,0.227576
0.948819,0.227593
0.948819,0.227602
0.948819,0.227613
0.948819,0.227625
0.948819,0.227636
0.948819,0.227643
0.948819,0.227655
0.948869,0.227663
0.948869,0.227675
0.948869,0.227682
0.948819,0.227693
0.948819,0.227705
0.948819,0.227711
0.948819,0.227721
0.948819,0.227735
0.948869,0.227748
0.948869,0.227767
0.948869,0.227777
0.948869,0.227792
0.948869,0.227803
0.948869,0.227814
0.948869,0.227827
0.948869,0.227837
0.948869,0.22785
0.948869,0.227862
0.948869,0.227872
0.948869,0.227885
0.948869,0.227899
0.948869,0.227911
0.948869,0.227926
0.948869,0.22794
0.948869,0.227951
0.948869,0.227959
0.948869,0.227966
0.948869,0.227975
0.948869,0.227986
0.948869,0.228004
0.948869,0.228014
0.948869,0.228024
633402,677400,0.935049
0.948869,0.228034
0.948869,0.228048
0.948869,0.228056
0.948869,0.22807
0.948869,0.228086
0.948869,0.228102
0.948869,0.228116
0.948869,0.228119
0.948869,0.228128
0.948869,0.22814
0.948869,0.22815
0.948869,0.228163
0.948869,0.228172
0.948869,0.228183
0.948869,0.228194
0.948869,0.228205
0.948869,0.228218
0.948869,0.228227
0.948869,0.22824
0.948869,0.22825
0.948869,0.228252
0.948869,0.22826
0.948869,0.228267
0.948869,0.22828
0.948869,0.228288
0.948918,0.228305
0.948918,0.228317
0.948918,0.228326
0.948918,0.228334
0.948918,0.228344
0.948918,0.228354
0.948918,0.22837
0.948918,0.228385
0.948967,0.228396
0.948967,0.228413
0.948967,0.228424
0.948967,0.228429
0.948967,0.228436
0.948967,0.228447
0.948967,0.22846
633428,677400,0.935087
0.948869,0.228474
0.948869,0.228487
0.948869,0.228496
0.948869,0.228506
0.948869,0.228521
0.948869,0.228535
0.948819,0.228545
0.948819,0.228559
0.948819,0.228567
0.948819,0.228585
0.948819,0.228592
0.948819,0.228601
0.948819,0.228612
0.948819,0.228623
0.948819,0.228633
0.948819,0.228641
0.948819,0.228655
0.948819,0.228665
0.948819,0.228674
0.948819,0.228684
0.948819,0.228695
0.948819,0.228707
0.94877,0.228723
0.94877,0.22874
0.94877,0.228751
0.94877,0.228765
0.94877,0.22878
0.94877,0.228792
0.94877,0.228803
0.94877,0.228812
0.94877,0.228822
0.94877,0.228831
0.94877,0.228839
0.94877,0.228849
0.94877,0.228864
0.94872,0.228873
0.94872,0.228887
0.94872,0.2289
0.94872,0.228911
0.94872,0.228921
633400,677400,0.935046
0.94872,0.228933
0.94872,0.228944
0.94872,0.228959
0.94872,0.228964
0.94872,0.228971
0.94872,0.228983
0.94872,0.228999
0.94872,0.229015
0.948671,0.229022
0.948671,0.229034
0.948671,0.22904
0.948671,0.229052
0.948671,0.229065
0.948671,0.22908
0.948671,0.229086
0.948671,0.229098
0.948671,0.229111
0.948671,0.229127
0.948671,0.229144
0.948671,0.229154
0.948671,0.229171
0.948671,0.229182
0.948671,0.229189
0.948671,0.229197
0.948671,0.229208
0.948622,0.229218
0.948622,0.229228
0.948671,0.229238
0.948671,0.22925
0.948622,0.229259
0.948622,0.229274
0.948622,0.229282
0.948622,0.229289
0.948622,0.229305
0.948622,0.229324
0.948671,0.229331
0.948671,0.229338
0.948671,0.229353
0.948671,0.229363
0.948671,0.229376
633396,677400,0.93504
0.948671,0.229387
0.948671,0.229399
0.948671,0.229412
0.948671,0.229419
0.948671,0.229432
0.948671,0.229443
0.948622,0.229454
0.948671,0.229462
0.948671,0.229473
0.948622,0.229487
0.948622,0.229501
0.948622,0.229507
0.948671,0.229515
0.948622,0.229526
0.948622,0.22953
0.948622,0.229539
0.948622,0.229552
0.948622,0.229565
0.948622,0.22958
0.948622,0.229588
0.948622,0.229602
0.948622,0.229616
0.948622,0.229626
0.948622,0.229641
0.948622,0.229651
0.948622,0.229664
0.948622,0.229671
0.948622,0.229685
0.948622,0.229699
0.948671,0.229706
0.948671,0.229719
0.948671,0.229731
0.948622,0.229741
0.948622,0.229749
0.948622,0.229761
0.948622,0.229771
0.948622,0.229785
0.948622,0.2298
0.948622,0.229818
0.948622,0.229826
633402,677400,0.935049
0.948622,0.229832
0.948622,0.229839
0.948622,0.22985
0.948671,0.229857
0.948671,0.229868
0.948671,0.229886
0.948671,0.229899
0.948671,0.229907
0.948671,0.229915
0.948671,0.229922
0.948671,0.229934
0.948671,0.229945
0.948671,0.229953
0.948671,0.229967
0.948671,0.229973
0.948671,0.229982
0.94872,0.229993
0.94872,0.230001
0.948671,0.230011
0.948671,0.230022
0.948622,0.230035
0.948622,0.230045
0.948622,0.230054
0.948622,0.230064
0.948622,0.230078
0.948622,0.230091
0.948622,0.230102
0.948622,0.230112
0.948622,0.230124
0.948622,0.230136
0.948622,0.230148
0.948622,0.23016
0.948622,0.230176
0.948622,0.23019
0.948622,0.230198
0.948622,0.230209
0.948622,0.230223
0.948622,0.230236
0.948622,0.230247
0.948622,0.230255
633409,677400,0.935059
0.948622,0.230264
0.94877,0.230285
0.94877,0.230297
0.94877,0.230311
0.94877,0.230326
0.94877,0.23034
0.94877,0.230358
0.94877,0.230372
0.94877,0.230383
0.94877,0.230397
0.94877,0.230409
0.94877,0.230427
0.94877,0.230438
0.94877,0.230455
0.94877,0.230464
0.94877,0.230476
0.94877,0.230486
0.94877,0.230503
0.94877,0.230513
0.94877,0.230523
0.94877,0.230533
0.94877,0.230547
0.94877,0.230557
0.94877,0.230563
0.94877,0.230578
0.948819,0.230586
0.948819,0.230599
0.948819,0.230612
0.948819,0.230617
0.948819,0.230626
0.94877,0.230636
0.94877,0.230646
0.94877,0.230661
0.94877,0.230673
0.94877,0.230686
0.94877,0.230703
0.94877,0.230718
0.94877,0.230727
0.94877,0.230738
0.94877,0.230748
633407,677400,0.935056
0.94877,0.23076
0.94877,0.230773
0.94877,0.230782
0.94877,0.230795
0.94877,0.230807
0.94877,0.230823
0.94872,0.230834
0.94872,0.230847
0.94872,0.230862
0.94872,0.230882
0.94877,0.230894
0.94877,0.230906
0.94877,0.230918
0.94877,0.230927
0.94877,0.230945
0.94877,0.230958
0.94877,0.23097
0.94877,0.230986
0.94877,0.230995
0.94877,0.231006
0.94877,0.231015
0.94877,0.231021
0.94872,0.231032
0.94872,0.231048
0.94872,0.231063
0.94877,0.231075
0.94877,0.231083
0.94877,0.231099
0.94877,0.231104
0.94877,0.23111
0.94877,0.231118
0.94877,0.231123
0.94877,0.23114
0.94877,0.231156
0.94877,0.231165
0.94877,0.231179
0.94877,0.231195
0.94877,0.231202
0.94877,0.231215
0.94877,0.23123
633417,677400,0.935071
0.94877,0.231246
0.94877,0.231258
0.94877,0.23127
0.94877,0.231281
0.94877,0.231296
0.94872,0.231308
0.94872,0.231318
0.94872,0.231326
0.94872,0.231344
0.94872,0.231356
0.948671,0.231374
0.948671,0.231388
0.948671,0.2314
0.94872,0.231408
0.94877,0.231424
0.94877,0.231435
0.94877,0.231439
0.948819,0.231451
0.948819,0.231463
0.948819,0.231474
0.948819,0.231487
0.948819,0.231498
0.948819,0.231513
0.94877,0.231525
0.94877,0.231543
0.948819,0.23155
0.948819,0.231563
0.948819,0.231575
0.94877,0.231581
0.94877,0.2316
0.94877,0.231612
0.94877,0.231625
0.94877,0.231637
0.94877,0.231651
0.94877,0.231657
0.94877,0.231669
0.94877,0.231677
0.94877,0.231684
0.94872,0.231702
0.94872,0.231718
633437,677400,0.9351
0.94872,0.23173
0.94872,0.231746
0.94872,0.231757
0.94872,0.23177
0.94872,0.231786
0.948671,0.231803
0.94872,0.23182
0.94872,0.231828
0.94877,0.231845
0.94877,0.231854
0.94877,0.231868
0.94877,0.231885
0.94877,0.231895
0.94877,0.231907
0.94877,0.23192
0.94877,0.231931
0.94877,0.231947
0.94877,0.231954
0.94877,0.231969
0.94872,0.231978
0.94872,0.231993
0.94872,0.232008
0.948671,0.232021
0.94872,0.232034
0.948671,0.232044
0.948671,0.232055
0.948671,0.23207
0.948622,0.232086
0.948622,0.232093
0.948572,0.232105
0.948572,0.232122
0.948572,0.232136
0.948572,0.232152
0.948572,0.232164
0.948572,0.232184
0.948572,0.232198
0.948523,0.232215
0.948523,0.232232
0.948523,0.232246
0.948523,0.232259
633439,677400,0.935103
0.948523,0.232271
0.948473,0.232285
0.948473,0.232305
0.948473,0.232319
0.948473,0.232333
0.948424,0.232346
0.948473,0.232355
0.948523,0.232367
0.948473,0.232381
0.948473,0.232396
0.948523,0.232409
0.948523,0.232421
0.948523,0.232432
0.948523,0.232444
0.948523,0.232457
0.948523,0.232472
0.948473,0.232485
0.948473,0.2325
0.948424,0.232516
0.948424,0.232528
0.948424,0.23254
0.948424,0.232553
0.948473,0.232573
0.948424,0.232586
0.948473,0.232593
0.948473,0.232602
0.948473,0.232613
0.948473,0.232626
0.948473,0.232639
0.948473,0.232649
0.948473,0.232663
0.948473,0.232675
0.948424,0.232688
0.948424,0.232703
0.948424,0.232716
0.948424,0.232733
0.948424,0.232743
0.948424,0.232758
0.948424,0.232773
0.948424,0.232781
633445,677400,0.935112
0.948424,0.232792
0.948424,0.2328
0.948424,0.232817
0.948375,0.232826
0.948375,0.23284
0.948325,0.232855
0.948325,0.232865
0.948325,0.232875
0.948325,0.232891
0.948325,0.232909
0.948276,0.232917
0.948276,0.232931
0.948276,0.232949
0.948276,0.232969
0.948276,0.232978
0.948276,0.232991
0.948276,0.233003
0.948276,0.233017
0.948276,0.233038
0.948276,0.233053
0.948276,0.233067
0.948276,0.233081
0.948276,0.233091
0.948276,0.233103
0.948276,0.233119
0.948276,0.233135
0.948276,0.233153
0.948276,0.233171
0.948276,0.233184
0.948276,0.233197
0.948276,0.233213
0.948276,0.233224
0.948276,0.233235
0.948276,0.233249
0.948276,0.233262
0.948276,0.233272
0.948276,0.233287
0.948276,0.233297
0.948276,0.233309
0.948276,0.233323
633431,677400,0.935092
0.948276,0.233334
0.948276,0.233348
0.948276,0.23336
0.948276,0.233374
0.948276,0.23339
0.948276,0.233405
0.948276,0.233419
0.948276,0.233435
0.948276,0.233443
0.948276,0.233452
0.948276,0.233463
0.948276,0.233477
0.948276,0.233489
0.948276,0.233498
0.948276,0.233512
0.948276,0.233521
0.948276,0.233535
0.948325,0.233545
0.948276,0.233562
0.948276,0.233574
0.948276,0.233585
0.948276,0.233602
0.948276,0.233614
0.948276,0.233626
0.948276,0.233638
0.948276,0.233649
0.948276,0.233661
0.948276,0.233672
0.948276,0.233683
0.948276,0.233696
0.948276,0.233714
0.948276,0.233732
0.948276,0.233746
0.948276,0.233759
0.948276,0.233777
0.948276,0.233794
0.948276,0.233802
0.948276,0.233813
0.948276,0.233824
0.948276,0.233836
633430,677400,0.93509
0.948276,0.233848
0.948276,0.233856
0.948325,0.233862
0.948325,0.233877
0.948325,0.233896
0.948325,0.233911
0.948325,0.233923
0.948325,0.233935
0.948325,0.233946
0.948276,0.233954
0.948276,0.233967
0.948276,0.233982
0.948276,0.233994
0.948276,0.234008
0.948276,0.234021
0.948276,0.234037
0.948276,0.234043
0.948276,0.234063
0.948276,0.234075
0.948276,0.234088
0.948276,0.2341
0.948276,0.234115
0.948276,0.234128
0.948276,0.234141
0.948226,0.234149
0.948226,0.23416
0.948226,0.234177
0.948226,0.234189
0.948226,0.234204
0.948226,0.234224
0.948226,0.234236
0.948226,0.234251
0.948226,0.234268
0.948226,0.234278
0.948226,0.234294
0.948226,0.234309
0.948226,0.23432
0.948226,0.234328
0.948226,0.234338
0.948226,0.234352
633408,677400,0.935058
0.948226,0.234369
0.948226,0.234394
0.948226,0.234406
0.948226,0.234416
0.948226,0.234432
0.948226,0.234445
0.948226,0.23446
0.948276,0.234473
0.948276,0.234486
0.948276,0.234507
0.948276,0.234525
0.948276,0.234534
0.948276,0.234552
0.948276,0.234564
0.948276,0.234575
0.948276,0.234585
0.948276,0.234601
0.948276,0.234609
0.948276,0.234626
0.948276,0.23464
0.948276,0.234654
0.948276,0.234673
0.948226,0.234686
0.948226,0.234696
0.948226,0.234708
0.948226,0.234723
0.948226,0.234736
0.948226,0.234753
0.948226,0.234763
0.948226,0.23478
0.948226,0.234792
0.948226,0.234804
0.948226,0.234813
0.948226,0.234822
0.948226,0.234832
0.948226,0.234843
0.948226,0.234856
0.948226,0.234872
0.948226,0.234885
0.948226,0.234901
633407,677400,0.935056
0.948226,0.234913
0.948226,0.234925
0.948226,0.234945
0.948226,0.234961
0.948226,0.234969
0.948226,0.234983
0.948226,0.234999
0.948226,0.235016
0.948226,0.235029
0.948226,0.23504
0.948226,0.235054
0.948226,0.235066
0.948226,0.235075
0.948226,0.235092
0.948177,0.235105
0.948177,0.235123
0.948177,0.235138
0.948177,0.235151
0.948177,0.235172
0.948226,0.235179
0.948226,0.235191
0.948177,0.235204
0.948226,0.235212
0.948226,0.235223
0.948226,0.235232
0.948226,0.235244
0.948276,0.235252
0.948276,0.235268
0.948276,0.235285
0.948276,0.235304
0.948276,0.235321
0.948276,0.235331
0.948276,0.235347
0.948276,0.235359
0.948276,0.235371
0.948226,0.235384
0.948276,0.235402
0.948276,0.235416
0.948276,0.235427
0.948276,0.235442
633395,677400,0.935038
0.948276,0.235459
0.948276,0.235468
0.948276,0.235488
0.948325,0.235501
0.948375,0.235518
0.948375,0.235532
0.948375,0.235548
0.948375,0.235564
0.948375,0.235576
0.948375,0.235591
0.948375,0.235605
0.948375,0.235619
0.948375,0.235631
0.948375,0.235641
0.948375,0.235658
0.948375,0.235676
0.948375,0.23569
0.948424,0.235698
0.948424,0.235712
0.948424,0.235717
0.948424,0.235731
0.948424,0.235748
0.948424,0.235762
0.948424,0.235775
0.948424,0.235787
0.948424,0.235803
0.948424,0.235821
0.948375,0.235836
0.948424,0.235853
0.948424,0.235864
0.948424,0.235875
0.948424,0.235888
0.948424,0.235903
0.948424,0.235912
0.948424,0.235928
0.948424,0.235941
0.948424,0.235955
0.948424,0.235972
0.948424,0.235987
0.948424,0.235997
633391,677400,0.935032
0.948424,0.236011
0.948424,0.236024
0.948424,0.236036
0.948424,0.23605
0.948424,0.23607
0.948424,0.236085
0.948424,0.2361
0.948424,0.236113
0.948424,0.236126
0.948424,0.236139
0.948424,0.236148
0.948473,0.236162
0.948424,0.236172
0.948473,0.236187
0.948473,0.236201
0.948473,0.236212
0.948473,0.236224
0.948473,0.236237
0.948424,0.236256
0.948424,0.236269
0.948424,0.236287
0.948424,0.236304
0.948424,0.236317
0.948424,0.23633
0.948473,0.236346
0.948473,0.236363
0.948473,0.236379
0.948473,0.236395
0.948473,0.236411
0.948473,0.236426
0.948473,0.236441
0.948473,0.236462
0.948473,0.236472
0.948424,0.236482
0.948523,0.236496
0.948473,0.23651
0.948473,0.236521
0.948523,0.236535
0.948473,0.236545
0.948473,0.236558
633392,677400,0.935034
0.948473,0.236579
0.948473,0.236593
0.948473,0.236606
0.948523,0.236615
0.948523,0.236628
0.948523,0.236638
0.948622,0.236654
0.948523,0.236659
0.948572,0.236667
0.948572,0.236684
0.948523,0.236702
0.948523,0.236719
0.948572,0.236727
0.948523,0.236744
0.948523,0.236755
0.948523,0.23677
0.948473,0.236783
0.948473,0.236799
0.948473,0.236809
0.948473,0.236821
0.948424,0.236843
0.948424,0.236854
0.948424,0.23687
0.948424,0.236886
0.948424,0.236899
0.948375,0.236915
0.948375,0.236933
0.948375,0.236945
0.948375,0.236958
0.948375,0.236966
0.948375,0.236985
0.948375,0.237
0.948375,0.237015
0.948424,0.237026
0.948424,0.23704
0.948424,0.237055
0.948424,0.237065
0.948424,0.237079
0.948424,0.237092
0.948424,0.237107
633401,677400,0.935047
0.948424,0.237122
0.948424,0.237133
0.948424,0.237143
0.948424,0.237161
0.948424,0.237173
0.948424,0.237185
0.948424,0.237201
0.948424,0.237218
0.948424,0.237232
0.948424,0.237249
0.948375,0.237264
0.948375,0.237281
0.948375,0.237292
0.948375,0.237308
0.948325,0.237324
0.948325,0.237343
0.948325,0.237353
0.948325,0.237367
0.948325,0.237385
0.948325,0.237397
0.948325,0.237408
0.948325,0.237424
0.948325,0.237436
0.948325,0.23745
0.948325,0.237466
0.948325,0.237483
0.948325,0.237491
0.948325,0.237506
0.948325,0.23752
0.948325,0.237533
0.948325,0.237551
0.948325,0.237559
0.948325,0.237569
0.948424,0.237582
0.948424,0.237596
0.948424,0.237607
0.948375,0.237622
0.948424,0.237633
0.948424,0.237649
0.948424,0.237661
633397,677400,0.935041
