Accuracy,Loss
1,0.01
0.924958,0.914836
0.926292,0.838321
0.926934,0.762534
0.925897,0.6944
0.925156,0.634985
0.924266,0.581983
0.925353,0.534702
0.925897,0.494254
0.926983,0.460433
0.928663,0.431833
0.931331,0.407631
0.933801,0.386958
0.936123,0.368934
0.938099,0.352729
0.939729,0.33841
0.94131,0.325521
0.942496,0.313937
0.943385,0.303397
0.944175,0.293951
0.945361,0.285465
0.946053,0.277644
0.946596,0.270475
0.946991,0.263879
0.94714,0.257751
0.947238,0.252036
0.947831,0.246778
0.948473,0.241842
0.949116,0.237266
0.949709,0.233105
0.950894,0.229062
0.951289,0.225292
0.951635,0.221824
0.952129,0.218593
0.952228,0.215536
0.952376,0.212626
0.952574,0.20979
0.95287,0.207132
0.953265,0.204581
0.95371,0.202161
0.953858,0.199842
640802,677399,0.945974
0.954204,0.197595
0.954352,0.195505
0.954797,0.193529
0.955192,0.191601
0.955489,0.189734
0.955736,0.188007
0.955983,0.186314
0.956378,0.184682
0.956971,0.183135
0.957168,0.181641
0.957761,0.180201
0.957761,0.178817
0.958255,0.177465
0.95865,0.176178
0.958848,0.174963
0.959194,0.173763
0.959243,0.172619
0.95954,0.171479
0.959737,0.170412
0.960034,0.169351
0.960379,0.168311
0.960478,0.167323
0.960676,0.166379
0.960824,0.16543
0.961219,0.164505
0.961417,0.163609
0.961614,0.162734
0.961861,0.161884
0.96201,0.161064
0.962207,0.160257
0.962355,0.159464
0.962405,0.158692
0.962553,0.157948
0.9628,0.157212
0.962948,0.156505
0.962899,0.155809
0.963541,0.155139
0.963689,0.15448
0.963788,0.153819
0.964134,0.153171
645326,677399,0.952653
0.964035,0.152534
0.964381,0.151891
0.964529,0.151273
0.964579,0.150657
0.964628,0.150074
0.964727,0.149493
0.964974,0.148913
0.965122,0.148348
0.965171,0.147772
0.965418,0.147225
0.965418,0.146686
0.965517,0.14615
0.965814,0.145625
0.965962,0.145129
0.966159,0.144624
0.966258,0.144144
0.966406,0.143673
0.966653,0.143172
0.966703,0.142702
0.966752,0.142245
0.966851,0.141795
0.966901,0.141331
0.966901,0.140899
0.96695,0.140462
0.966999,0.140023
0.967148,0.139594
0.967197,0.139181
0.967296,0.138766
0.967246,0.138369
0.967395,0.137971
0.967592,0.137574
0.967642,0.137199
0.967642,0.136815
0.967839,0.136443
0.968136,0.136073
0.968383,0.135709
0.968432,0.135358
0.968432,0.135005
0.968531,0.134658
0.96858,0.134313
647565,677399,0.955958
0.96858,0.133971
0.968531,0.133641
0.968679,0.13332
0.968827,0.132989
0.968827,0.132668
0.968926,0.132344
0.969025,0.132036
0.968975,0.131731
0.969124,0.131428
0.969173,0.131126
0.969173,0.130825
0.969272,0.130529
0.969371,0.130231
0.969371,0.129947
0.969371,0.129657
0.969469,0.129371
0.969568,0.129093
0.969568,0.128821
0.969618,0.128544
0.969667,0.128266
0.969815,0.127999
0.970013,0.127729
0.970161,0.12747
0.970161,0.127211
0.970309,0.126955
0.970309,0.126709
0.970457,0.126455
0.970507,0.126201
0.970655,0.12596
0.970754,0.125723
0.97105,0.125493
0.97105,0.125251
0.9711,0.125019
0.971149,0.124784
0.9711,0.124553
0.9711,0.124328
0.971347,0.124101
0.971297,0.123872
0.971495,0.123644
0.971643,0.123423
648991,677399,0.958063
0.971693,0.123198
0.971693,0.122982
0.971643,0.122776
0.971742,0.12257
0.971742,0.122354
0.971791,0.122146
0.97189,0.121928
0.971989,0.121728
0.972137,0.121516
0.972137,0.121312
0.972137,0.121114
0.972187,0.120915
0.972384,0.120727
0.972434,0.120535
0.972631,0.120335
0.972631,0.120146
0.972681,0.119953
0.972829,0.119761
0.972928,0.119576
0.972928,0.119394
0.972928,0.119225
0.972977,0.119045
0.973323,0.11887
0.973471,0.118696
0.973372,0.118529
0.97357,0.118363
0.97357,0.118197
0.973718,0.118029
0.973767,0.117872
0.973866,0.117705
0.973767,0.11754
0.973866,0.117378
0.973866,0.117233
0.973916,0.117066
0.973916,0.116913
0.973965,0.116757
0.974163,0.116602
0.974163,0.116449
0.974212,0.116295
0.97436,0.116152
649754,677399,0.959189
0.97436,0.116006
0.974508,0.115862
0.974607,0.115709
0.974657,0.115569
0.974657,0.115426
0.974755,0.115293
0.974854,0.115158
0.974854,0.115023
0.974953,0.114884
0.975052,0.114752
0.975101,0.114615
0.975101,0.114482
0.975151,0.114354
0.975101,0.114219
0.9752,0.114084
0.9752,0.113951
0.975299,0.113819
0.975348,0.113689
0.975348,0.113563
0.975348,0.113437
0.975447,0.113315
0.975496,0.113193
0.975645,0.113072
0.975793,0.112952
0.975842,0.112826
0.975941,0.112703
0.975941,0.112585
0.975941,0.112472
0.975941,0.112349
0.97604,0.11224
0.975991,0.112127
0.97604,0.112013
0.976139,0.111906
0.976139,0.111793
0.976287,0.111678
0.976386,0.111561
0.976386,0.111448
0.976485,0.111335
0.976534,0.111226
0.976485,0.111123
650394,677399,0.960134
0.976534,0.111011
0.976534,0.1109
0.976583,0.110792
0.976633,0.110687
0.976682,0.110583
0.976732,0.11048
0.976732,0.110379
0.97683,0.110275
0.97683,0.110177
0.976929,0.110074
0.976979,0.10997
0.976979,0.109867
0.977077,0.109763
0.977176,0.109663
0.977176,0.109561
0.977226,0.109465
0.977324,0.109372
0.977374,0.10928
0.977275,0.109184
0.977324,0.109088
0.977324,0.108993
0.977324,0.108898
0.977374,0.108804
0.977423,0.108711
0.977423,0.108621
0.977423,0.10853
0.977473,0.108441
0.977423,0.108348
0.977473,0.108271
0.977571,0.108179
0.977621,0.108098
0.977571,0.108
0.97767,0.107915
0.977621,0.107829
0.97767,0.107743
0.977769,0.107652
0.977868,0.107571
0.977917,0.107482
0.977967,0.107396
0.978016,0.107315
650840,677399,0.960793
0.978065,0.107234
0.978214,0.10715
0.978214,0.107067
0.978312,0.106989
0.978263,0.106906
0.978411,0.106827
0.978362,0.10675
0.978362,0.106674
0.978411,0.106597
0.978461,0.106517
0.97851,0.106443
0.978559,0.106368
0.978658,0.10629
0.978658,0.106213
0.978708,0.106136
0.978658,0.106059
0.978708,0.105987
0.978708,0.105911
0.978708,0.105837
0.978708,0.105761
0.978757,0.105692
0.978757,0.105617
0.978757,0.105542
0.978806,0.105477
0.978806,0.105407
0.978905,0.105334
0.978955,0.105266
0.978905,0.105191
0.978955,0.105125
0.979004,0.105058
0.979053,0.104988
0.979053,0.104921
0.979152,0.10485
0.979152,0.104782
0.979152,0.104717
0.979202,0.104647
0.979251,0.104582
0.9793,0.104517
0.97935,0.104453
0.979399,0.104387
651174,677399,0.961286
0.979498,0.104323
0.979449,0.104257
0.979547,0.104189
0.979547,0.104129
0.979646,0.104065
0.979646,0.104003
0.979646,0.103943
0.979646,0.103884
0.979696,0.103821
0.979745,0.103757
0.979794,0.103694
0.979794,0.103634
0.979794,0.103573
0.979893,0.103512
0.979893,0.103452
0.979943,0.103393
0.979943,0.103335
0.979943,0.103275
0.980091,0.103217
0.980041,0.103159
0.98014,0.103101
0.98014,0.103043
0.98019,0.102986
0.98019,0.102935
0.980239,0.102875
0.980239,0.102822
0.980239,0.102764
0.980289,0.10271
0.980387,0.102649
0.980338,0.102598
0.980338,0.102546
0.980387,0.102493
0.980387,0.102437
0.980387,0.102386
0.980387,0.102333
0.980486,0.102281
0.980486,0.102225
0.980486,0.102178
0.980536,0.102123
0.980536,0.10207
651333,677399,0.96152
0.980536,0.102019
0.980585,0.101967
0.980634,0.101918
0.980634,0.101869
0.980634,0.101818
0.980634,0.10177
0.980733,0.101714
0.980783,0.101664
0.980783,0.101619
0.980832,0.10157
0.980783,0.101521
0.980783,0.101472
0.980832,0.101421
0.980832,0.10137
0.980783,0.101325
0.980832,0.101281
0.980832,0.101232
0.980881,0.101188
0.980881,0.101139
0.980881,0.101091
0.98098,0.101049
0.98098,0.101004
0.98098,0.100956
0.98098,0.100911
0.98098,0.100866
0.98103,0.100822
0.98103,0.100778
0.98103,0.100734
0.981079,0.100693
0.981079,0.100648
0.981079,0.100609
0.981178,0.100571
0.981227,0.100521
0.981277,0.100479
0.981326,0.100435
0.981326,0.100391
0.981375,0.100354
0.981375,0.10031
0.981375,0.100269
0.981425,0.100233
651559,677399,0.961854
0.981425,0.100193
0.981425,0.100156
0.981425,0.100113
0.981474,0.100074
0.981573,0.100034
0.981573,0.100001
0.981622,0.0999634
0.981622,0.0999247
0.981622,0.0998904
0.981622,0.0998481
0.981622,0.0998071
0.981672,0.0997685
0.981672,0.0997324
0.981672,0.0996973
0.981672,0.0996632
0.981672,0.0996253
0.981672,0.0995901
0.981771,0.099552
0.981869,0.0995144
0.981869,0.0994814
0.981869,0.0994466
0.981869,0.0994159
0.981968,0.0993802
0.981968,0.0993483
0.982018,0.0993116
0.982018,0.0992766
0.982116,0.0992427
0.982116,0.0992075
0.982166,0.099174
0.982166,0.0991409
0.982166,0.0991085
0.982215,0.0990763
0.982265,0.0990407
0.982265,0.0990079
0.982314,0.0989763
0.982363,0.0989457
0.982462,0.0989139
0.982512,0.0988788
0.982561,0.0988499
0.982561,0.098815
651716,677399,0.962086
0.98261,0.0987862
0.982709,0.0987538
0.982709,0.0987216
0.982759,0.0986902
0.982759,0.09866
0.982759,0.098628
0.982759,0.0985979
0.982808,0.0985687
0.982808,0.0985414
0.982808,0.0985104
0.982808,0.0984797
0.982808,0.0984498
0.982956,0.0984187
0.982956,0.0983912
0.983006,0.0983607
0.983006,0.0983295
0.983006,0.0982992
0.983006,0.0982683
0.983055,0.0982383
0.983055,0.0982133
0.983104,0.098182
0.983104,0.0981509
0.983104,0.0981201
0.983104,0.0980895
0.983104,0.0980653
0.983104,0.0980329
0.983104,0.0980034
0.983104,0.097976
0.983104,0.0979508
0.983154,0.097919
0.983154,0.0978965
0.983154,0.097868
0.983203,0.0978387
0.983253,0.0978135
0.983253,0.0977869
0.983302,0.0977593
0.983253,0.0977338
0.983302,0.0977085
0.983302,0.0976793
0.983253,0.0976544
651831,677399,0.962256
0.983302,0.0976287
0.983302,0.0976029
0.983302,0.097581
0.983302,0.0975518
0.983302,0.0975262
0.983302,0.0974979
0.983351,0.0974697
0.983302,0.0974453
0.98345,0.0974232
0.983401,0.0973988
0.9835,0.0973757
0.9835,0.0973475
0.9835,0.0973206
0.98345,0.0972972
0.9835,0.0972749
0.983549,0.0972506
0.983549,0.0972288
0.983549,0.0972005
0.983549,0.0971788
0.983549,0.0971569
0.983549,0.0971312
0.983549,0.0971091
0.983549,0.0970849
0.983598,0.0970659
0.983598,0.0970449
0.983648,0.0970211
0.983648,0.0969991
0.983598,0.096976
0.983648,0.096953
0.983648,0.0969305
0.983648,0.0969085
0.983648,0.0968883
0.983747,0.0968689
0.983747,0.0968462
0.983747,0.0968257
0.983747,0.0968011
0.983796,0.0967777
0.983796,0.0967585
0.983796,0.0967362
0.983796,0.0967121
651931,677399,0.962403
0.983796,0.0966917
0.983845,0.0966691
0.983895,0.0966486
0.983895,0.0966313
0.983944,0.0966119
0.983944,0.0965911
0.983895,0.0965713
0.983944,0.0965505
0.983994,0.096531
0.984043,0.0965138
0.983994,0.0964922
0.984092,0.096472
0.984092,0.0964503
0.984191,0.0964292
0.984191,0.0964099
0.984191,0.0963909
0.984191,0.0963706
0.984241,0.0963488
0.98429,0.0963306
0.984191,0.096312
0.984241,0.096293
0.984339,0.0962751
0.984339,0.0962577
0.984389,0.0962393
0.984438,0.0962224
0.984389,0.0962042
0.984389,0.0961864
0.984389,0.0961701
0.984438,0.0961528
0.984389,0.0961365
0.984389,0.0961168
0.984389,0.096098
0.984537,0.0960786
0.984537,0.096062
0.984537,0.096047
0.984488,0.0960315
0.984587,0.0960149
0.984587,0.095998
0.984587,0.0959851
0.984587,0.0959708
652019,677399,0.962533
0.984636,0.0959543
0.984685,0.0959422
0.984735,0.0959255
0.984735,0.0959072
0.984735,0.0958949
0.984735,0.0958797
0.984735,0.0958631
0.984735,0.0958479
0.984735,0.0958289
0.984735,0.0958141
0.984784,0.0958005
0.984784,0.0957845
0.984784,0.095769
0.984784,0.0957522
0.984784,0.0957379
0.984784,0.0957221
0.984784,0.0957065
0.984784,0.0956949
0.984784,0.0956813
0.984784,0.0956665
0.984784,0.0956503
0.984784,0.095635
0.984834,0.0956223
0.984883,0.0956082
0.984883,0.0955953
0.984883,0.0955812
0.984883,0.0955693
0.984883,0.0955562
0.984883,0.095543
0.984883,0.0955325
0.984883,0.0955154
0.984982,0.095501
0.984982,0.0954889
0.985031,0.0954763
0.984982,0.0954642
0.985031,0.0954552
0.985031,0.0954405
0.985031,0.0954268
0.985031,0.0954147
0.985081,0.0954007
652148,677399,0.962724
0.985081,0.0953882
0.98513,0.0953781
0.98513,0.0953659
0.98513,0.0953515
0.985179,0.0953364
0.985179,0.0953249
0.985179,0.0953158
0.985229,0.0953021
0.985328,0.0952945
0.985328,0.0952814
0.985328,0.0952697
0.985426,0.0952613
0.985426,0.095247
0.985426,0.0952345
0.985426,0.0952251
0.985426,0.0952133
0.985426,0.0952016
0.985426,0.0951894
0.985476,0.0951806
0.985476,0.0951696
0.985476,0.0951593
0.985476,0.0951493
0.985426,0.0951407
0.985476,0.095132
0.985525,0.0951228
0.985525,0.0951109
0.985525,0.0951051
0.985525,0.0950923
0.985525,0.0950841
0.985575,0.0950752
0.985624,0.0950656
0.985624,0.0950552
0.985673,0.0950498
0.985673,0.0950371
0.985673,0.0950289
0.985723,0.0950172
0.985723,0.0950074
0.985772,0.094997
0.985772,0.0949869
0.985723,0.0949785
652244,677399,0.962865
0.985871,0.0949691
0.985871,0.094962
0.985822,0.0949522
0.985822,0.0949419
0.985871,0.0949348
0.98597,0.0949271
0.986069,0.094918
0.986118,0.0949091
0.986118,0.0949003
0.986167,0.0948966
0.986167,0.0948862
0.986217,0.0948787
0.986217,0.0948696
0.986217,0.0948629
0.986217,0.0948557
0.986217,0.0948456
0.986217,0.0948404
0.986217,0.0948357
0.986266,0.0948253
0.986217,0.0948185
0.986217,0.0948117
0.986266,0.094802
0.986217,0.0947945
0.986217,0.0947879
0.986217,0.0947812
0.986316,0.0947728
0.986365,0.0947652
0.986414,0.0947633
0.986414,0.0947543
0.986414,0.0947499
0.986414,0.0947407
0.986414,0.0947344
0.986414,0.0947289
0.986414,0.0947231
0.986414,0.0947132
0.986414,0.0947082
0.986464,0.0946997
0.986414,0.0946967
0.986513,0.0946889
0.986464,0.0946823
652288,677399,0.96293
0.986513,0.0946776
0.986563,0.0946688
0.986563,0.0946635
0.986661,0.0946549
0.986661,0.0946488
0.986612,0.0946435
0.986661,0.094637
0.986661,0.0946325
0.98676,0.0946279
0.98681,0.0946255
0.98681,0.0946192
0.986859,0.0946146
0.986908,0.094609
0.986859,0.0946039
0.986908,0.0945993
0.986908,0.0945938
0.986908,0.0945877
0.986908,0.0945838
0.986908,0.0945804
0.986908,0.0945746
0.986908,0.0945678
0.986908,0.0945611
0.986958,0.0945562
0.986958,0.0945498
0.986958,0.0945444
0.986958,0.0945397
0.987007,0.0945413
0.987057,0.094534
0.987057,0.0945275
0.987057,0.094526
0.987106,0.09452
0.987205,0.0945169
0.987205,0.0945123
0.987353,0.0945061
0.987304,0.094504
0.987304,0.0945014
0.987254,0.0944979
0.987304,0.0944905
0.987254,0.0944883
0.987254,0.0944826
652295,677399,0.962941
0.987254,0.0944811
0.987304,0.0944774
0.987254,0.0944731
0.987254,0.0944727
0.987254,0.0944707
0.987254,0.0944664
0.987304,0.0944661
0.987353,0.0944595
0.987353,0.0944581
0.987402,0.0944569
0.987402,0.0944519
0.987402,0.094448
0.987452,0.0944442
0.987452,0.0944406
0.987402,0.0944395
0.987402,0.0944336
0.987402,0.0944365
0.987402,0.0944302
0.987353,0.094429
0.987402,0.0944247
0.987353,0.0944204
0.987353,0.0944163
0.987402,0.0944141
0.987452,0.0944152
0.987452,0.0944114
0.987452,0.0944098
0.987452,0.0944076
0.987452,0.0944065
0.987501,0.0944032
0.987501,0.0944036
0.987501,0.0944013
0.987501,0.0944003
0.987501,0.094401
0.987501,0.0943973
0.987501,0.0943968
0.987551,0.0943921
0.987551,0.0943955
0.9876,0.0943858
0.987551,0.0943842
0.987551,0.0943849
652354,677399,0.963028
0.987699,0.094382
0.987649,0.0943817
0.987748,0.0943765
0.987699,0.0943735
0.987748,0.0943721
0.987748,0.0943733
0.987748,0.0943676
0.987748,0.094366
0.987748,0.0943658
0.987748,0.0943668
0.987748,0.0943651
0.987798,0.0943627
0.987847,0.094361
0.987847,0.0943596
0.987847,0.0943596
0.987847,0.0943558
0.987847,0.0943547
0.987847,0.0943518
0.987896,0.0943522
0.987896,0.0943525
0.987995,0.0943485
0.988045,0.0943491
0.988045,0.0943499
0.988045,0.0943494
0.988045,0.0943488
0.988045,0.0943461
0.988094,0.0943477
0.988094,0.0943461
0.988143,0.094345
0.988143,0.0943442
0.988143,0.0943444
0.988143,0.0943447
0.988143,0.0943436
0.988143,0.094344
0.988143,0.0943434
0.988143,0.0943438
0.988193,0.0943453
0.988193,0.0943481
0.988143,0.0943469
0.988193,0.0943481
652352,677399,0.963025
0.988193,0.0943488
0.988242,0.0943517
0.988242,0.0943491
0.988242,0.0943487
0.988242,0.0943496
0.988242,0.0943513
0.988242,0.094351
0.988292,0.0943509
0.988292,0.0943516
0.988292,0.0943554
0.988292,0.0943531
0.988341,0.094354
0.988341,0.0943536
0.988341,0.0943528
0.988341,0.0943531
0.988341,0.0943536
0.98839,0.0943565
0.98844,0.0943573
0.98844,0.094357
0.98844,0.0943595
0.988489,0.09436
0.988489,0.0943617
0.988489,0.0943629
0.988489,0.0943672
0.988489,0.0943743
0.988489,0.0943692
0.988489,0.094372
0.988489,0.0943742
0.988539,0.0943753
0.988539,0.0943746
0.988588,0.0943761
0.988637,0.0943784
0.988637,0.0943792
0.988637,0.0943792
0.988637,0.0943806
0.988637,0.0943813
0.988637,0.094381
0.988637,0.0943823
0.988637,0.0943853
0.988687,0.0943875
652354,677399,0.963028
0.988637,0.0943899
0.988637,0.0943933
0.988687,0.0943942
0.988637,0.0943955
0.988687,0.094395
0.988687,0.0943999
0.988687,0.0944024
0.988835,0.0944062
0.988786,0.0944057
0.988884,0.0944079
0.988884,0.0944089
0.988884,0.0944146
0.988884,0.0944152
0.988884,0.0944183
0.988934,0.0944207
0.988983,0.0944219
0.989033,0.0944241
0.989033,0.094428
0.989033,0.0944318
0.989082,0.0944353
0.989033,0.0944365
0.989082,0.0944387
0.989082,0.0944425
0.989033,0.0944462
0.989033,0.0944493
0.989132,0.0944519
0.989132,0.0944536
0.989132,0.0944561
0.989132,0.0944608
0.989132,0.0944646
0.989132,0.0944704
0.989132,0.0944742
0.989181,0.0944782
0.989181,0.0944811
0.989181,0.0944887
0.989181,0.0944858
0.989181,0.0944914
0.98923,0.094494
0.98923,0.0944974
0.989181,0.0944988
652342,677399,0.96301
0.989181,0.0945034
0.98923,0.0945037
0.98928,0.0945085
0.98928,0.0945123
0.98928,0.0945164
0.98928,0.0945199
0.98928,0.0945239
0.98928,0.0945311
0.98928,0.0945319
0.98928,0.0945345
0.98928,0.0945382
0.98928,0.094544
0.98928,0.094546
0.98928,0.0945503
0.98928,0.0945562
0.98928,0.0945606
0.989329,0.0945632
0.989329,0.0945663
0.989379,0.0945709
0.989379,0.0945714
0.989329,0.0945792
0.989428,0.0945827
0.989428,0.0945869
0.989428,0.094587
0.989428,0.0945938
0.989428,0.0945981
0.989428,0.0946015
0.989428,0.0946067
0.989477,0.0946074
0.989477,0.0946118
0.989477,0.0946198
0.989477,0.0946238
0.989477,0.0946267
0.989477,0.0946316
0.989477,0.0946346
0.989477,0.0946396
0.989477,0.0946484
0.989477,0.0946524
0.989477,0.0946549
0.989477,0.0946588
652342,677399,0.96301
0.989477,0.0946621
0.989477,0.0946664
0.989477,0.0946689
0.989477,0.0946726
0.989477,0.0946792
0.989477,0.0946839
0.989477,0.0946906
0.989477,0.0946944
0.989477,0.0946989
0.989477,0.0947049
0.989477,0.0947096
0.989477,0.0947161
0.989477,0.0947199
0.989477,0.0947233
0.989477,0.0947284
0.989477,0.0947317
0.989477,0.0947371
0.989527,0.0947398
0.989527,0.0947455
0.989527,0.0947498
0.989527,0.0947576
0.989527,0.0947625
0.989527,0.0947674
0.989527,0.094773
0.989527,0.0947787
0.989527,0.0947847
0.989527,0.0947908
0.989527,0.0947935
0.989576,0.0947976
0.989527,0.0948012
0.989576,0.0948087
0.989626,0.0948147
0.989626,0.0948191
0.989626,0.0948237
0.989724,0.0948291
0.989724,0.0948379
0.989724,0.0948421
0.989724,0.0948485
0.989724,0.0948541
0.989724,0.094862
652367,677399,0.963047
0.989724,0.0948624
0.989724,0.0948725
0.989724,0.0948748
0.989774,0.0948827
0.989774,0.0948892
0.989774,0.0948948
0.989823,0.0949017
0.989873,0.0949087
0.989873,0.0949136
0.989922,0.0949179
0.989922,0.0949222
0.989922,0.0949289
0.989922,0.0949379
0.989922,0.0949435
0.989922,0.0949473
0.989922,0.094952
0.989922,0.0949571
0.989922,0.0949634
0.989922,0.0949688
0.989922,0.0949743
0.989922,0.0949805
0.989922,0.0949881
0.989922,0.0949927
0.989971,0.0949991
0.990021,0.0950038
0.990021,0.0950092
0.990021,0.0950143
0.990021,0.0950201
0.990021,0.0950279
0.99012,0.0950329
0.99012,0.0950407
0.99012,0.0950463
0.99012,0.095054
0.99012,0.0950593
0.99012,0.0950649
0.99012,0.0950731
0.99012,0.0950771
0.99012,0.095084
0.990218,0.0950894
0.990218,0.0950949
652378,677399,0.963063
0.990218,0.0951038
0.990218,0.0951099
0.990218,0.0951129
0.990218,0.0951218
0.990218,0.0951288
0.990218,0.0951337
0.990218,0.0951421
0.990218,0.0951483
0.990218,0.0951553
0.990218,0.0951622
0.990218,0.0951692
0.990218,0.0951722
0.990218,0.0951779
0.990268,0.0951849
0.990268,0.0951917
0.990268,0.095199
0.990268,0.0952054
0.990268,0.0952125
0.990317,0.0952193
0.990317,0.0952254
0.990268,0.0952328
0.990268,0.0952386
0.990317,0.0952466
0.990317,0.0952524
0.990317,0.0952625
0.990317,0.0952691
0.990317,0.0952757
0.990317,0.0952813
0.990317,0.0952885
0.990317,0.0952961
0.990317,0.0953036
0.990317,0.0953087
0.990317,0.0953142
0.990317,0.0953235
0.990367,0.0953283
0.990367,0.0953355
0.990416,0.0953413
0.990416,0.0953503
0.990367,0.0953569
0.990416,0.0953666
652372,677399,0.963054
0.990416,0.0953727
0.990465,0.0953806
0.990465,0.0953895
0.990465,0.0953953
0.990465,0.0954069
0.990465,0.0954155
0.990465,0.0954199
0.990465,0.0954278
0.990465,0.0954334
0.990465,0.0954426
0.990465,0.0954467
0.990465,0.0954549
0.990515,0.0954633
0.990515,0.095473
0.990515,0.0954821
0.990515,0.095487
0.990515,0.0954952
0.990515,0.0955038
0.990564,0.0955132
0.990515,0.0955198
0.990663,0.0956032
0.990564,0.0955577
0.990614,0.0955604
0.990614,0.0955636
0.990614,0.0955705
0.990614,0.0955766
0.990614,0.095584
0.990614,0.0955907
0.990614,0.0956
0.990614,0.0956048
0.990614,0.0956117
0.990614,0.0956192
0.990614,0.0956253
0.990614,0.0956311
0.990614,0.0956389
0.990614,0.095646
0.990614,0.0956535
0.990614,0.0956577
0.990614,0.0956659
0.990614,0.0956747
652306,677399,0.962957
0.990614,0.0956807
0.990614,0.0956849
0.990663,0.0956942
0.990663,0.0957037
0.990663,0.0957111
0.990712,0.0957179
0.990663,0.0957281
0.990762,0.0957345
0.990762,0.0957405
0.990762,0.0957504
0.990762,0.0957582
0.990762,0.0957652
0.990762,0.0957724
0.990762,0.0957807
0.990762,0.0957909
0.990861,0.0957942
0.990861,0.0958027
0.990861,0.0958104
0.990811,0.0958168
0.990861,0.0958257
0.990861,0.0958346
0.990861,0.0958419
0.990861,0.09585
0.990861,0.095857
0.99091,0.0958635
0.990959,0.0958707
0.99091,0.0958808
0.99091,0.0958898
0.99091,0.0958994
0.990959,0.0959085
0.990959,0.0959142
0.990959,0.0959215
0.990959,0.0959311
0.990959,0.0959391
0.990959,0.0959475
0.990959,0.0959566
0.990959,0.0959651
0.990959,0.0959734
0.990959,0.0959806
0.991009,0.095988
652262,677399,0.962892
0.991108,0.0959964
0.991058,0.0960045
0.991108,0.0960113
0.991058,0.09602
0.991108,0.0960262
0.991058,0.0960344
0.991058,0.0960446
0.991157,0.0960522
0.991157,0.0960626
0.991157,0.0960713
0.991157,0.0960765
0.991157,0.0960859
0.991157,0.0960961
0.991157,0.0961042
0.991157,0.0961122
0.991157,0.0961228
0.991157,0.0961298
0.991157,0.0961396
0.991157,0.0961469
0.991157,0.0961548
0.991157,0.0961657
0.991157,0.0961758
0.991157,0.096183
0.991157,0.0961938
0.991157,0.096201
0.991157,0.0962087
0.991157,0.0962175
0.991157,0.0962279
0.991157,0.0962335
0.991157,0.0962421
0.991157,0.0962502
0.991157,0.0962579
0.991157,0.0962673
0.991157,0.0962761
0.991157,0.0962846
0.991206,0.0962953
0.991206,0.0963045
0.991206,0.0963134
0.991206,0.0963223
0.991256,0.0963307
652222,677399,0.962833
0.991256,0.0963402
0.991256,0.0963486
0.991256,0.096359
0.991256,0.096367
0.991256,0.0963778
0.991256,0.0963848
0.991256,0.0963926
0.991256,0.0964009
0.991256,0.096412
0.991256,0.0964191
0.991256,0.0964306
0.991256,0.0964394
0.991305,0.0964507
0.991305,0.0964589
0.991305,0.0964665
0.991305,0.0964765
0.991305,0.0964854
0.991355,0.0964921
0.991355,0.0965019
0.991355,0.0965106
0.991355,0.0965192
0.991355,0.096529
0.991355,0.0965381
0.991355,0.0965474
0.991355,0.0965556
0.991404,0.0965651
0.991404,0.0965738
0.991404,0.0965854
0.991404,0.0965926
0.991404,0.0966033
0.991404,0.0966135
0.991404,0.096622
0.991404,0.0966293
0.991404,0.0966403
0.991404,0.0966479
0.991404,0.0966569
0.991404,0.0966661
0.991404,0.0966748
0.991404,0.0966828
0.991404,0.0966926
652144,677399,0.962718
0.991404,0.0967026
0.991404,0.0967115
0.991404,0.0967219
0.991404,0.0967323
0.991404,0.0967401
0.991404,0.0967491
0.991404,0.0967602
0.991404,0.0967692
0.991453,0.0967776
0.991453,0.0967868
0.991453,0.0967987
0.991453,0.0968062
0.991453,0.0968158
0.991453,0.0968233
0.991503,0.0968314
0.991503,0.0968396
0.991552,0.0968507
0.991552,0.0968603
0.991552,0.0968721
0.991552,0.096879
0.991552,0.096892
0.991552,0.0968981
0.991552,0.0969107
0.991552,0.0969167
0.991552,0.0969257
0.991552,0.0969365
0.991552,0.0969467
0.991552,0.0969563
0.991552,0.0969662
0.991552,0.096976
0.991552,0.0969854
0.991602,0.0969959
0.991602,0.0970069
0.991602,0.0970132
0.991602,0.0970231
0.991602,0.0970306
0.991602,0.0970407
0.991602,0.0970512
0.991602,0.0970596
0.991602,0.0970689
652118,677399,0.962679
0.991602,0.0970802
0.991602,0.097089
0.991602,0.0970996
0.991602,0.09711
0.991651,0.0971191
0.991651,0.097129
0.9917,0.09714
0.9917,0.0971512
0.9917,0.0971602
0.9917,0.0971706
0.9917,0.0971789
0.9917,0.0971874
0.99175,0.0971962
0.99175,0.0972049
0.99175,0.0972153
0.99175,0.0972262
0.99175,0.0972363
0.99175,0.0972456
0.99175,0.0972539
0.99175,0.0972646
0.99175,0.0972742
0.99175,0.0972829
0.99175,0.0972913
0.991799,0.0973019
0.99175,0.0973114
0.991799,0.0973207
0.991799,0.0973309
0.991799,0.0973398
0.991799,0.097349
0.991799,0.0973591
0.991799,0.0973677
0.991799,0.0973785
0.991799,0.0973895
0.991799,0.0973965
0.991799,0.0974065
0.991799,0.0974204
0.991799,0.0974268
0.991799,0.0974366
0.991799,0.0974449
0.991799,0.0974552
652041,677399,0.962566
0.991799,0.0974648
0.991799,0.0974754
0.991799,0.0974853
0.991799,0.0974954
0.991849,0.0975044
0.991849,0.0975135
0.991849,0.0975222
0.991898,0.097533
0.991898,0.0975418
0.991898,0.0975511
0.991898,0.0975619
0.991898,0.0975702
0.991898,0.0975825
0.991898,0.0975935
0.991898,0.0976032
0.991898,0.0976151
0.991898,0.0976228
0.991898,0.0976321
0.991898,0.0976424
0.991898,0.097652
0.991898,0.0976615
0.991898,0.0976715
0.991898,0.0976808
0.991898,0.0976915
0.991898,0.0976986
0.991898,0.0977085
0.991898,0.0977178
0.991898,0.0977283
0.991947,0.0977398
0.991947,0.0977473
0.991947,0.0977568
0.991947,0.0977647
0.991997,0.0977736
0.991997,0.0977827
0.991997,0.0977923
0.992046,0.0978029
0.992046,0.0978125
0.992046,0.0978238
0.992046,0.0978345
0.992046,0.0978423
651987,677399,0.962486
0.992046,0.097854
0.992046,0.0978639
0.992096,0.0978745
0.992046,0.0978832
0.992096,0.0978933
0.992096,0.0979036
0.992096,0.0979131
0.992096,0.097925
0.992096,0.097934
0.992096,0.0979488
0.992145,0.0979581
0.992194,0.0979678
0.992194,0.0979788
0.992145,0.0979868
0.992244,0.0979994
0.992194,0.0980085
0.992145,0.0980212
0.992293,0.0980307
0.992293,0.0980408
0.992343,0.0980506
0.992343,0.0980605
0.992343,0.0980714
0.992343,0.0980821
0.992343,0.0980935
0.992343,0.0981003
0.992343,0.0981105
0.992343,0.0981216
0.992343,0.0981327
0.992343,0.098142
0.992343,0.0981525
0.992343,0.0981625
0.992343,0.0981752
0.992343,0.0981812
0.992343,0.098191
0.992343,0.0982022
0.992392,0.0982121
0.992343,0.0982209
0.992343,0.0982324
0.992392,0.0982426
0.992392,0.0982546
651936,677399,0.962411
0.992392,0.0982656
0.992392,0.0982749
0.992392,0.0982837
0.992392,0.0982935
0.992392,0.0983064
0.992441,0.098314
0.992441,0.0983244
0.992441,0.0983361
0.992441,0.0983463
0.992441,0.0983544
0.992441,0.098365
0.992441,0.0983776
0.992441,0.0983872
0.992441,0.0983972
0.992491,0.0984089
0.992491,0.0984206
0.992491,0.0984304
0.99254,0.0984424
0.99259,0.0984528
0.99259,0.0984635
0.99259,0.0984727
0.99259,0.0984832
0.992639,0.0984942
0.992639,0.0985045
0.992639,0.0985156
0.992639,0.098526
0.992639,0.0985382
0.992639,0.0985489
0.992639,0.098557
0.992688,0.098568
0.992688,0.0985798
0.992688,0.0985889
0.992688,0.0985991
0.992738,0.0986097
0.992688,0.0986195
0.992688,0.0986313
0.992738,0.0986411
0.992738,0.0986518
0.992738,0.098662
0.992738,0.0986727
651899,677399,0.962356
0.992738,0.0986832
0.992738,0.0986958
0.992738,0.0987045
0.992738,0.0987177
0.992738,0.0987269
0.992738,0.098739
0.992738,0.0987484
0.992738,0.0987594
0.992738,0.0987684
0.992787,0.0987813
0.992787,0.0987912
0.992787,0.0988015
0.992787,0.0988103
0.992787,0.0988238
0.992787,0.0988336
0.992787,0.098846
0.992787,0.0988575
0.992787,0.0988667
0.992787,0.0988776
0.992787,0.0988873
0.992787,0.0988984
0.992787,0.0989109
0.992787,0.0989221
0.992787,0.0989306
0.992787,0.0989421
0.992787,0.0989543
0.992787,0.0989667
0.992787,0.0989787
0.992787,0.0989902
0.992787,0.0990016
0.992787,0.0990145
0.992787,0.0990254
0.992787,0.0990369
0.992787,0.0990488
0.992787,0.0990607
0.992787,0.0990716
0.992787,0.0990821
0.992787,0.0990946
0.992787,0.0991019
0.992787,0.0991138
651847,677399,0.962279
0.992787,0.0991242
0.992787,0.0991366
0.992787,0.0991488
0.992787,0.0991592
0.992787,0.0991697
0.992787,0.0991819
0.992787,0.0991932
0.992787,0.0992037
0.992787,0.099214
0.992787,0.0992269
0.992837,0.099238
0.992837,0.099248
0.992837,0.0992607
0.992837,0.0992698
0.992837,0.0992803
0.992837,0.0992911
0.992837,0.0993048
0.992837,0.099315
0.992837,0.0993242
0.992837,0.0993351
0.992837,0.0993463
0.992837,0.0993585
0.992837,0.0993688
0.992837,0.0993796
0.992837,0.0993936
0.992837,0.0994051
0.992837,0.0994175
0.992886,0.0994279
0.992886,0.0994411
0.992886,0.0994504
0.992886,0.0994622
0.992886,0.0994718
0.992886,0.0994843
0.992886,0.0994935
0.992886,0.0995059
0.992886,0.0995132
0.992886,0.0995249
0.992886,0.0995361
0.992886,0.0995479
0.992886,0.0995589
651778,677399,0.962177
0.992886,0.0995706
0.992886,0.0995822
0.992886,0.099594
0.992886,0.0996068
0.992886,0.0996146
0.992886,0.0996282
0.992886,0.0996383
0.992886,0.0996485
0.992886,0.0996597
0.992886,0.0996716
0.992886,0.0996842
0.992886,0.0996948
0.992886,0.099706
0.992886,0.09972
0.992886,0.0997263
0.992886,0.0997382
0.992886,0.0997505
0.992886,0.099761
0.992886,0.0997725
0.992886,0.0997836
0.992935,0.0997917
0.992985,0.0998039
0.992985,0.0998136
0.992985,0.0998258
0.992985,0.099836
0.992985,0.0998468
0.992985,0.0998579
0.992985,0.0998715
0.992985,0.0998835
0.992985,0.099896
0.992985,0.0999082
0.992985,0.099921
0.992985,0.0999328
0.992985,0.099943
0.992985,0.0999574
0.993034,0.0999672
0.993034,0.0999783
0.993034,0.0999934
0.993034,0.100002
0.993034,0.100015
651726,677399,0.962101
0.993034,0.100025
0.993034,0.100038
0.993084,0.100051
0.993034,0.100062
0.993034,0.100074
0.993034,0.100086
0.993084,0.100098
0.993084,0.100108
0.993084,0.100121
0.993133,0.100134
0.993133,0.100146
0.993182,0.100156
0.993182,0.100169
0.993182,0.10018
0.993182,0.100193
0.993182,0.100203
0.993182,0.100215
0.993232,0.100226
0.993232,0.100238
0.993232,0.10025
0.993232,0.10026
0.993232,0.100272
0.993232,0.100284
0.993232,0.100297
0.993232,0.100307
0.993232,0.100318
0.993232,0.10033
0.993232,0.100339
0.993232,0.100352
0.993232,0.100363
0.993232,0.100371
0.993232,0.100383
0.993232,0.100394
0.993232,0.100408
0.993232,0.100421
0.993232,0.100431
0.993232,0.100443
0.993281,0.100456
0.993281,0.100466
0.993232,0.100479
651671,677399,0.962019
0.993232,0.100492
0.993232,0.100501
0.993281,0.100515
0.993281,0.100524
0.993281,0.100535
0.993281,0.100545
0.993281,0.100557
0.993281,0.100569
0.993281,0.10058
0.993281,0.100593
0.993281,0.100606
0.993281,0.100617
0.993331,0.100629
0.993331,0.100641
0.993331,0.100652
0.993331,0.100662
0.993331,0.100674
0.993331,0.100688
0.993331,0.100702
0.993331,0.100713
0.993331,0.100725
0.993331,0.100736
0.993331,0.100749
0.993331,0.100761
0.993331,0.100772
0.993331,0.100784
0.993331,0.100794
0.993331,0.100805
0.993331,0.100817
0.993331,0.100828
0.993331,0.100841
0.993331,0.100852
0.99338,0.100865
0.993331,0.100876
0.99338,0.100889
0.993331,0.100902
0.99338,0.100914
0.99343,0.100925
0.99343,0.100936
0.99343,0.100947
651584,677399,0.961891
