index,Cross Entropy,Accuracy
0,1.00016,0.471544,0.016073
1,0.770805,0.876643,0.028998
2,0.651101,0.878075,0.041326
3,0.574879,0.887017,0.053278
4,0.520895,0.88924,0.064863
5,0.480158,0.888351,0.07592
6,0.448047,0.888302,0.086553
7,0.421951,0.887906,0.096799
8,0.40021,0.887659,0.106273
9,0.381759,0.886424,0.115469
10,0.365856,0.887215,0.124463
11,0.351961,0.888499,0.133197
12,0.339688,0.889092,0.141872
13,0.328751,0.89092,0.150562
14,0.318926,0.885239,0.159126
15,0.310035,0.888647,0.167613
16,0.30194,0.892056,0.176122
17,0.294535,0.890031,0.184632
18,0.287715,0.890772,0.19312
19,0.281408,0.893291,0.201895
20,0.275555,0.893736,0.210772
21,0.270103,0.894625,0.219509
22,0.265011,0.897737,0.22823
23,0.260235,0.896552,0.236915
24,0.255746,0.895317,0.24556
25,0.251514,0.89833,0.254255
26,0.247515,0.896354,0.262975
27,0.243729,0.895959,0.271639
28,0.240135,0.898478,0.280334
29,0.236721,0.897046,0.289052
30,0.233473,0.899713,0.297717
31,0.230373,0.900504,0.306393
32,0.227411,0.897935,0.315079
33,0.224576,0.897737,0.323761
34,0.22186,0.898281,0.332449
35,0.219252,0.900949,0.341083
36,0.216748,0.898874,0.349722
37,0.21434,0.900603,0.358376
38,0.212018,0.902233,0.367141
39,0.209783,0.90164,0.375782
40,0.207624,0.900553,0.384416
41,0.205539,0.898627,0.393086
42,0.203525,0.90164,0.401727
43,0.201575,0.900207,0.410397
44,0.199687,0.903913,0.41906
45,0.197858,0.90327,0.427696
46,0.196084,0.903913,0.436358
47,0.194361,0.903221,0.445026
48,0.192688,0.906284,0.45369
49,0.191061,0.904407,0.462404
50,0.189478,0.902184,0.471098
51,0.187941,0.899615,0.479755
52,0.186444,0.899318,0.488458
53,0.184984,0.902085,0.497117
54,0.183563,0.902974,0.505761
55,0.182175,0.901294,0.5144
56,0.180822,0.903715,0.523101
57,0.179501,0.900751,0.531787
58,0.178208,0.904308,0.540457
59,0.176946,0.905444,0.549139
60,0.175714,0.903221,0.557825
61,0.17451,0.905049,0.566519
62,0.17333,0.905889,0.575159
63,0.172174,0.905,0.583815
64,0.171044,0.905296,0.5925
65,0.169937,0.906482,0.60117
66,0.168853,0.903814,0.60985
67,0.167789,0.906086,0.618542
68,0.166748,0.90248,0.627208
69,0.165727,0.902925,0.635852
70,0.164724,0.905988,0.644536
71,0.16374,0.907667,0.653196
72,0.162774,0.907815,0.661915
73,0.161825,0.902974,0.670584
74,0.160893,0.908062,0.679248
75,0.159979,0.90663,0.687939
76,0.159079,0.903764,0.696593
77,0.158195,0.905444,0.70523
78,0.157325,0.907766,0.713858
79,0.156471,0.907766,0.722546
80,0.155629,0.905395,0.731204
81,0.154801,0.909545,0.739869
82,0.153987,0.901739,0.748529
83,0.153185,0.905938,0.757219
84,0.152396,0.90994,0.765942
85,0.15162,0.904308,0.774627
86,0.150854,0.908408,0.783283
87,0.150099,0.904802,0.791943
88,0.149357,0.90658,0.80059
89,0.148625,0.908655,0.809267
90,0.147904,0.905049,0.817951
91,0.147192,0.90826,0.826611
92,0.146491,0.905049,0.835227
93,0.145799,0.908902,0.843896
94,0.145117,0.908013,0.852551
95,0.144444,0.907964,0.861192
96,0.14378,0.909545,0.869871
97,0.143124,0.906827,0.878501
98,0.142478,0.911718,0.887213
99,0.141839,0.90826,0.895861
100,0.141209,0.910582,0.904538
101,0.140587,0.908655,0.913162
102,0.139972,0.909446,0.921794
103,0.139365,0.9091,0.930463
104,0.138765,0.908359,0.939155
105,0.138173,0.908655,0.947847
106,0.137588,0.910582,0.956548
107,0.13701,0.912657,0.965211
108,0.136439,0.908062,0.97384
109,0.135874,0.910088,0.982503
110,0.135316,0.910187,0.991137
111,0.134764,0.911274,0.999814
112,0.134219,0.919721,1.01409
113,0.133679,0.912756,1.02318
114,0.133146,0.908013,1.03149
115,0.132619,0.908853,1.03982
116,0.132098,0.90742,1.04816
117,0.131582,0.908556,1.05643
118,0.131071,0.904011,1.06474
119,0.130566,0.905197,1.07311
120,0.130067,0.905148,1.08143
121,0.129573,0.90826,1.08974
122,0.129084,0.909199,1.09801
123,0.128599,0.910878,1.10632
124,0.12812,0.907568,1.11462
125,0.127646,0.909396,1.12309
126,0.127176,0.907865,1.13142
127,0.126711,0.909396,1.13976
128,0.126249,0.907272,1.1481
129,0.125792,0.909693,1.15637
130,0.12534,0.909001,1.16468
131,0.124893,0.909545,1.17296
132,0.124449,0.906086,1.18126
133,0.12401,0.908161,1.18959
134,0.123575,0.908359,1.19787
135,0.123144,0.909989,1.2062
136,0.122717,0.906482,1.21452
137,0.122294,0.910829,1.22288
138,0.121875,0.911027,1.23124
139,0.12146,0.908952,1.23959
140,0.121049,0.909742,1.2479
141,0.120641,0.907964,1.25619
142,0.120236,0.907964,1.26452
143,0.119836,0.910928,1.27281
144,0.119438,0.910088,1.28117
145,0.119044,0.909841,1.28954
146,0.118653,0.909545,1.29782
147,0.118265,0.910533,1.30616
148,0.117881,0.908309,1.3145
149,0.117501,0.910137,1.32279
150,0.117124,0.911916,1.33115
151,0.116749,0.907865,1.33947
152,0.116378,0.907618,1.34773
153,0.11601,0.907074,1.35603
154,0.115644,0.911175,1.36433
155,0.115282,0.911619,1.37262
156,0.114922,0.911076,1.38092
157,0.114565,0.912113,1.38928
158,0.114211,0.911027,1.39754
159,0.113859,0.906827,1.40584
160,0.11351,0.911224,1.41417
161,0.113165,0.90826,1.42248
162,0.112822,0.912212,1.43078
163,0.112481,0.907667,1.43907
164,0.112143,0.910137,1.44738
165,0.111808,0.913151,1.45568
166,0.111476,0.916066,1.46403
167,0.111145,0.91241,1.47233
168,0.110817,0.910533,1.48064
169,0.110492,0.911323,1.48891
170,0.110169,0.912311,1.4972
171,0.109848,0.910483,1.5055
172,0.10953,0.912607,1.51379
173,0.109214,0.911521,1.52213
174,0.1089,0.913892,1.53041
175,0.108588,0.91157,1.53868
176,0.108279,0.911619,1.54698
177,0.107971,0.912509,1.55528
178,0.107666,0.912212,1.5636
179,0.107363,0.912657,1.57192
180,0.107062,0.912706,1.58022
181,0.106763,0.913398,1.58852
182,0.106467,0.915572,1.59681
183,0.106172,0.913991,1.60516
184,0.105879,0.910384,1.61347
185,0.105588,0.914139,1.62176
186,0.1053,0.912212,1.63013
187,0.105013,0.910483,1.63839
188,0.104728,0.910977,1.64672
189,0.104445,0.909199,1.65502
190,0.104164,0.914287,1.66335
191,0.103884,0.913497,1.67162
192,0.103607,0.915423,1.6799
193,0.103331,0.911471,1.68822
194,0.103058,0.915423,1.69654
195,0.102785,0.911471,1.70482
196,0.102515,0.914139,1.71326
197,0.102246,0.910829,1.7216
198,0.101979,0.914386,1.7299
199,0.101714,0.911965,1.73825
200,0.10145,0.913398,1.74653
201,0.101189,0.911471,1.75481
202,0.100928,0.913694,1.7631
203,0.100669,0.910286,1.77143
204,0.100412,0.912163,1.77974
205,0.100156,0.911669,1.78806
206,0.0999012,0.915423,1.79632
207,0.0996488,0.912657,1.8046
208,0.0993974,0.910977,1.81291
209,0.0991479,0.911471,1.82125
210,0.0988996,0.914682,1.82957
211,0.0986529,0.91404,1.83793
212,0.0984077,0.912953,1.84628
213,0.0981641,0.913299,1.85456
214,0.0979218,0.912163,1.86284
215,0.0976805,0.912311,1.87119
216,0.097441,0.913497,1.87949
217,0.0972031,0.914979,1.8878
218,0.0969663,0.911175,1.89609
219,0.0967308,0.911916,1.90438
220,0.0964965,0.914682,1.91265
221,0.0962638,0.917399,1.92093
222,0.0960325,0.914633,1.92928
223,0.0958023,0.911718,1.93759
224,0.0955734,0.914238,1.94589
225,0.0953457,0.91325,1.9542
226,0.0951192,0.915078,1.96251
227,0.094894,0.914485,1.97081
228,0.0946703,0.916313,1.97917
229,0.0944476,0.916362,1.98748
230,0.0942262,0.913546,1.99576
231,0.0940059,0.914238,2.00403
232,0.0937874,0.910335,2.01231
233,0.0935699,0.916362,2.0206
234,0.0933534,0.914238,2.02889
235,0.093138,0.914188,2.03719
236,0.0929238,0.914287,2.04547
237,0.0927106,0.913497,2.05377
238,0.0924984,0.916757,2.06207
239,0.0922872,0.912607,2.07041
240,0.0920775,0.912509,2.0787
241,0.0918687,0.916016,2.087
242,0.0916615,0.910582,2.09531
243,0.091455,0.911965,2.10362
244,0.0912494,0.910335,2.11191
245,0.0910449,0.913003,2.12026
246,0.0908418,0.912756,2.12853
247,0.0906394,0.913348,2.13684
248,0.0904381,0.917992,2.14515
249,0.0902376,0.91656,2.15344
250,0.0900384,0.913892,2.16178
251,0.0898401,0.918585,2.17016
252,0.0896429,0.911125,2.17845
253,0.0894466,0.912706,2.18677
254,0.0892514,0.915374,2.19509
255,0.0890571,0.916362,2.20338
256,0.0888639,0.914435,2.2117
257,0.0886715,0.915028,2.22001
258,0.0884803,0.915917,2.22834
259,0.0882898,0.919079,2.23664
260,0.0881002,0.915769,2.24492
261,0.0879114,0.915819,2.25321
262,0.0877236,0.915226,2.26153
263,0.087537,0.916461,2.26984
264,0.0873509,0.91572,2.2783
265,0.0871661,0.911521,2.28662
266,0.0869819,0.916411,2.29489
267,0.0867989,0.911027,2.30318
268,0.0866165,0.913744,2.31144
269,0.086435,0.91241,2.31973
270,0.0862545,0.917301,2.32806
271,0.0860747,0.915522,2.33634
272,0.0858959,0.916263,2.34464
273,0.0857181,0.916658,2.35297
274,0.0855406,0.917251,2.36127
275,0.0853642,0.916807,2.36963
276,0.0851888,0.917696,2.37791
277,0.085014,0.916214,2.38623
278,0.0848399,0.91567,2.39451
279,0.0846668,0.918832,2.40278
280,0.0844944,0.914929,2.41112
281,0.0843228,0.914386,2.41947
282,0.0841519,0.916214,2.42772
283,0.0839819,0.916807,2.43604
284,0.0838127,0.915621,2.44434
285,0.0836444,0.919771,2.45271
286,0.0834765,0.917745,2.46099
287,0.0833095,0.916658,2.46928
288,0.0831432,0.916313,2.47755
289,0.0829775,0.919326,2.48583
290,0.0828127,0.916757,2.49412
291,0.0826485,0.916757,2.50244
292,0.082485,0.917646,2.51072
293,0.0823223,0.916362,2.51908
294,0.0821606,0.920067,2.52742
295,0.0819993,0.914188,2.53572
296,0.0818389,0.916757,2.544
297,0.0816792,0.913793,2.55232
298,0.0815201,0.917054,2.56062
299,0.0813618,0.919672,2.56891
300,0.0812041,0.914781,2.57721
301,0.0810469,0.91567,2.5855
302,0.0808907,0.91404,2.59382
303,0.0807349,0.915226,2.60212
304,0.0805799,0.917449,2.6104
305,0.0804257,0.915572,2.61868
306,0.080272,0.915127,2.62697
307,0.0801186,0.915769,2.63528
308,0.079966,0.914732,2.64364
309,0.079814,0.916461,2.65194
310,0.0796629,0.919129,2.66023
311,0.0795125,0.915028,2.66855
312,0.0793625,0.918239,2.6768
313,0.0792134,0.916313,2.68512
314,0.0790643,0.914337,2.6934
315,0.0789159,0.917202,2.70171
316,0.0787684,0.916757,2.70996
317,0.0786214,0.916115,2.71825
318,0.0784752,0.918832,2.72653
319,0.0783295,0.920018,2.7348
320,0.0781844,0.919919,2.74316
321,0.07804,0.915473,2.75147
322,0.0778962,0.915473,2.7598
323,0.0777528,0.917103,2.7682
324,0.0776101,0.917202,2.77656
325,0.0774678,0.919721,2.78486
326,0.0773263,0.915621,2.79317
327,0.0771854,0.920215,2.8015
328,0.0770449,0.915374,2.80979
329,0.0769052,0.916856,2.81815
330,0.076766,0.913744,2.82648
331,0.0766273,0.91814,2.8348
332,0.076489,0.916313,2.84314
333,0.0763514,0.917893,2.85142
334,0.0762142,0.916411,2.8597
335,0.0760776,0.917202,2.86799
336,0.0759416,0.920265,2.87625
337,0.075806,0.918486,2.8846
338,0.0756712,0.918931,2.89286
339,0.0755367,0.913595,2.90119
340,0.0754029,0.916905,2.9095
341,0.0752693,0.912509,2.91781
342,0.0751363,0.914979,2.92611
343,0.0750039,0.919326,2.93446
344,0.074872,0.91572,2.9428
345,0.0747404,0.917498,2.95114
346,0.0746094,0.917152,2.9594
347,0.074479,0.915275,2.96767
348,0.074349,0.921994,2.97604
349,0.0742195,0.91572,2.98438
350,0.0740905,0.915819,2.99268
351,0.0739622,0.919178,3.00112
352,0.073834,0.920314,3.01008
353,0.0737064,0.91488,3.01839
354,0.0735792,0.919129,3.02675
355,0.0734526,0.918733,3.03505
356,0.0733265,0.91651,3.04339
357,0.0732009,0.91651,3.05167
358,0.0730758,0.917202,3.05995
359,0.0729511,0.917745,3.06826
360,0.0728269,0.91651,3.07658
361,0.0727032,0.919968,3.08484
362,0.0725799,0.917992,3.09318
363,0.072457,0.914238,3.10148
364,0.0723347,0.914781,3.10977
365,0.0722127,0.915769,3.11808
366,0.0720913,0.916807,3.12641
367,0.0719702,0.916905,3.13471
368,0.0718494,0.919623,3.14299
369,0.0717292,0.919277,3.15124
370,0.0716094,0.914781,3.15956
371,0.0714901,0.917745,3.16785
372,0.0713712,0.919326,3.17616
373,0.0712527,0.918042,3.18447
374,0.0711346,0.920166,3.19277
375,0.071017,0.918635,3.20109
376,0.0709,0.914337,3.20935
377,0.0707832,0.919425,3.21766
378,0.0706667,0.915917,3.22596
379,0.0705508,0.916708,3.23429
380,0.0704353,0.917548,3.24261
381,0.0703202,0.919771,3.25095
382,0.0702055,0.91814,3.25928
383,0.0700911,0.917943,3.26766
384,0.069977,0.916164,3.276
385,0.0698632,0.91651,3.28431
386,0.0697501,0.917844,3.29264
387,0.0696374,0.916658,3.30091
388,0.0695249,0.92066,3.30919
389,0.0694129,0.922142,3.31749
390,0.0693011,0.91903,3.32578
391,0.0691897,0.920808,3.33409
392,0.069079,0.917152,3.34243
393,0.0689685,0.918783,3.35074
394,0.0688585,0.921154,3.35906
395,0.0687488,0.918289,3.36738
396,0.0686395,0.916411,3.37567
397,0.0685305,0.917646,3.38399
398,0.068422,0.921203,3.39228
399,0.0683138,0.917893,3.40055
400,0.0682063,0.919425,3.40888
401,0.0680989,0.919968,3.41717
402,0.0679919,0.914979,3.42542
403,0.0678853,0.91982,3.4337
404,0.067779,0.921796,3.44207
405,0.067673,0.915769,3.45034
406,0.0675673,0.919227,3.45865
407,0.0674618,0.918486,3.46695
408,0.067357,0.918733,3.47524
409,0.0672524,0.919277,3.48353
410,0.0671482,0.919376,3.49182
411,0.0670441,0.917152,3.5002
412,0.0669406,0.918585,3.50872
413,0.0668372,0.92145,3.51702
414,0.0667343,0.921253,3.52529
415,0.0666317,0.918931,3.53356
416,0.0665297,0.921994,3.54182
417,0.0664279,0.918585,3.55014
418,0.0663264,0.921846,3.5584
419,0.0662252,0.917745,3.56669
420,0.0661242,0.922735,3.57492
421,0.0660236,0.919524,3.58323
422,0.0659233,0.925057,3.5915
423,0.0658235,0.917745,3.5998
424,0.0657238,0.920561,3.6081
425,0.0656244,0.918338,3.61635
426,0.0655254,0.92234,3.6246
427,0.0654267,0.917202,3.63285
428,0.0653282,0.919672,3.64115
429,0.0652303,0.918635,3.64947
430,0.0651326,0.917054,3.65773
431,0.065035,0.919326,3.666
432,0.0649378,0.922488,3.67424
433,0.0648412,0.923081,3.68249
434,0.0647447,0.917251,3.69075
435,0.0646485,0.920759,3.69907
436,0.0645526,0.91982,3.70734
437,0.064457,0.916461,3.7156
438,0.0643617,0.918635,3.72386
439,0.0642667,0.92229,3.73218
440,0.064172,0.917844,3.74044
441,0.0640778,0.919376,3.74869
442,0.0639838,0.919129,3.75692
443,0.0638899,0.918437,3.76524
444,0.0637965,0.918832,3.77353
445,0.0637033,0.921599,3.78179
446,0.0636105,0.922191,3.79014
447,0.0635178,0.923871,3.79842
448,0.0634254,0.919474,3.80667
449,0.0633333,0.918585,3.81494
450,0.0632415,0.919573,3.82319
451,0.06315,0.920512,3.83151
452,0.0630589,0.920018,3.83977
453,0.0629679,0.922686,3.84807
454,0.0628772,0.917498,3.85631
455,0.062787,0.921994,3.86458
456,0.0626971,0.922636,3.87285
457,0.0626074,0.918635,3.88117
458,0.0625179,0.921055,3.88943
459,0.0624287,0.922686,3.89767
460,0.0623397,0.920561,3.90595
461,0.062251,0.921352,3.91418
462,0.0621626,0.91819,3.92243
463,0.0620745,0.921352,3.93072
464,0.0619865,0.919425,3.93897
465,0.0618988,0.920018,3.94724
466,0.0618115,0.919672,3.95551
467,0.0617243,0.921401,3.96378
468,0.0616374,0.921549,3.97211
469,0.0615508,0.922043,3.9804
470,0.0614645,0.918684,3.98867
471,0.0613785,0.918635,3.99694
472,0.0612927,0.920561,4.00522
473,0.0612071,0.923427,4.01347
474,0.0611217,0.919623,4.02172
475,0.0610365,0.918684,4.02998
476,0.0609518,0.916362,4.03824
477,0.0608672,0.922389,4.04647
478,0.0607829,0.920709,4.05469
479,0.0606989,0.923822,4.06294
480,0.0606148,0.918882,4.07122
481,0.0605314,0.922389,4.07948
482,0.0604481,0.921401,4.08772
483,0.0603651,0.920018,4.09598
484,0.0602821,0.916362,4.10423
485,0.0601996,0.916016,4.11247
486,0.0601171,0.92066,4.12071
487,0.0600351,0.918437,4.12893
488,0.0599531,0.919573,4.13719
489,0.0598715,0.92313,4.14546
490,0.05979,0.918585,4.15369
491,0.0597088,0.920462,4.16197
492,0.0596277,0.920166,4.17026
493,0.0595471,0.921747,4.17852
494,0.0594666,0.917202,4.18683
495,0.0593862,0.921302,4.19516
496,0.0593061,0.918832,4.20347
497,0.0592263,0.921697,4.2117
498,0.0591467,0.921846,4.21996
499,0.0590674,0.921599,4.22823
500,0.058988,0.919919,4.23645
501,0.058909,0.921055,4.24476
502,0.0588304,0.919277,4.25305
503,0.0587518,0.924019,4.26134
504,0.0586736,0.921599,4.26964
505,0.0585954,0.92234,4.27811
506,0.0585178,0.922438,4.28656
507,0.0584402,0.920364,4.29502
508,0.0583628,0.920166,4.30352
509,0.0582857,0.91982,4.31198
510,0.0582087,0.922982,4.32044
511,0.0581319,0.919277,4.32888
512,0.0580554,0.920956,4.33737
513,0.057979,0.919623,4.34585
514,0.057903,0.921253,4.3544
515,0.0578271,0.921154,4.36286
516,0.0577513,0.922438,4.37135
517,0.0576759,0.924415,4.37979
518,0.0576006,0.92318,4.38827
519,0.0575256,0.925946,4.39672
520,0.0574509,0.922537,4.40519
521,0.0573763,0.923427,4.41365
522,0.0573019,0.919326,4.42209
523,0.0572277,0.919079,4.43058
524,0.0571535,0.925403,4.43905
525,0.0570796,0.925304,4.44751
526,0.057006,0.92397,4.45601
527,0.0569325,0.921895,4.46445
528,0.0568592,0.921253,4.47293
529,0.0567862,0.920808,4.48144
530,0.0567134,0.923031,4.48995
531,0.0566408,0.92234,4.49843
532,0.0565683,0.91987,4.50694
533,0.0564961,0.917943,4.51543
534,0.056424,0.922735,4.52388
535,0.0563521,0.919623,4.53235
536,0.0562804,0.920611,4.54078
537,0.0562088,0.921994,4.54924
538,0.0561375,0.921944,4.55769
539,0.0560665,0.923328,4.56616
540,0.0559957,0.922834,4.57465
541,0.0559249,0.921846,4.58311
542,0.0558544,0.923427,4.59158
543,0.0557841,0.921599,4.60002
544,0.055714,0.920858,4.60853
545,0.0556441,0.924612,4.61698
546,0.0555743,0.922636,4.62542
547,0.0555046,0.922636,4.63387
548,0.0554353,0.92318,4.64234
549,0.055366,0.919129,4.65083
550,0.055297,0.922043,4.65933
551,0.0552281,0.920067,4.6678
552,0.0551594,0.921203,4.67634
553,0.0550909,0.923377,4.68478
554,0.0550225,0.925748,4.69327
555,0.0549544,0.92397,4.70172
556,0.0548863,0.924217,4.71023
557,0.0548185,0.922933,4.71872
558,0.054751,0.922982,4.72722
559,0.0546835,0.92397,4.73572
560,0.0546164,0.921994,4.74421
561,0.0545493,0.92476,4.75265
562,0.0544824,0.925007,4.76114
563,0.0544158,0.924365,4.76965
564,0.0543491,0.922191,4.77813
565,0.0542827,0.918338,4.7866
566,0.0542165,0.92397,4.79507
567,0.0541506,0.921006,4.80354
568,0.0540848,0.921203,4.81204
569,0.0540191,0.921549,4.82057
570,0.0539537,0.925304,4.82904
571,0.0538884,0.924069,4.83755
572,0.0538233,0.923772,4.84603
573,0.0537581,0.921253,4.8545
574,0.0536933,0.9256,4.86298
575,0.0536286,0.923476,4.87146
576,0.053564,0.92476,4.87991
577,0.0534997,0.923871,4.88837
578,0.0534354,0.924662,4.89682
579,0.0533714,0.924513,4.90529
580,0.0533076,0.92318,4.91373
581,0.0532439,0.920166,4.92218
582,0.0531803,0.924662,4.93068
583,0.0531169,0.92145,4.93922
584,0.0530536,0.920413,4.94772
585,0.0529906,0.922438,4.95622
586,0.0529277,0.922241,4.96467
587,0.052865,0.923229,4.97316
588,0.0528023,0.92145,4.98162
589,0.05274,0.923229,4.99018
590,0.0526776,0.923229,4.99865
591,0.0526155,0.92807,5.00783
592,0.0525535,0.921055,5.01645
593,0.0524918,0.92318,5.02489
594,0.0524299,0.920956,5.03332
595,0.0523684,0.922438,5.04175
596,0.052307,0.92229,5.05019
597,0.0522457,0.922834,5.05863
598,0.0521847,0.920611,5.06707
599,0.0521238,0.920462,5.07547
600,0.0520629,0.922241,5.08392
601,0.0520023,0.921352,5.09238
602,0.0519418,0.921154,5.10076
603,0.0518815,0.921203,5.10916
604,0.0518213,0.924909,5.11755
605,0.0517614,0.923328,5.12592
606,0.0517015,0.924415,5.13431
607,0.0516416,0.925403,5.14272
608,0.051582,0.921895,5.15114
609,0.0515226,0.922834,5.15957
610,0.0514633,0.920808,5.16797
611,0.0514042,0.922537,5.17639
612,0.0513451,0.920808,5.18476
613,0.0512863,0.927774,5.19318
614,0.0512276,0.920709,5.20157
615,0.0511689,0.924168,5.20998
616,0.0511105,0.92145,5.21838
617,0.0510521,0.921944,5.2268
618,0.050994,0.923871,5.23521
619,0.050936,0.922636,5.24359
620,0.0508782,0.922883,5.25204
621,0.0508205,0.923476,5.26046
622,0.0507627,0.923921,5.26884
623,0.0507052,0.924711,5.27725
624,0.050648,0.924316,5.28564
625,0.0505908,0.922636,5.29404
626,0.0505338,0.925403,5.30249
627,0.050477,0.923525,5.3109
628,0.0504202,0.921352,5.31928
629,0.0503636,0.925946,5.32766
630,0.0503072,0.922488,5.33608
631,0.0502508,0.920265,5.3445
632,0.0501945,0.92229,5.3529
633,0.0501384,0.924415,5.36129
634,0.0500825,0.920166,5.36967
635,0.0500266,0.9256,5.37812
636,0.0499709,0.921944,5.38649
637,0.0499153,0.922982,5.39496
638,0.0498599,0.92318,5.40333
639,0.0498046,0.923525,5.41171
640,0.0497494,0.925699,5.42011
641,0.0496943,0.921994,5.42847
642,0.0496394,0.920808,5.43682
643,0.0495845,0.923081,5.44526
644,0.0495299,0.923772,5.45365
645,0.0494753,0.922438,5.46208
646,0.0494209,0.921055,5.47053
647,0.0493666,0.923229,5.47891
648,0.0493124,0.922735,5.48727
649,0.0492584,0.920709,5.49567
650,0.0492045,0.922735,5.5041
651,0.0491507,0.926045,5.51249
652,0.049097,0.922735,5.52087
653,0.0490434,0.925551,5.52928
654,0.04899,0.919968,5.53767
655,0.0489367,0.925057,5.5461
656,0.0488834,0.922587,5.55456
657,0.0488303,0.918882,5.56302
658,0.0487774,0.918733,5.57149
659,0.0487245,0.923278,5.57989
660,0.0486719,0.924316,5.58831
661,0.0486192,0.922982,5.59674
662,0.0485669,0.926094,5.60513
663,0.0485145,0.925304,5.61353
664,0.0484624,0.921302,5.62194
665,0.0484103,0.920067,5.63038
666,0.0483583,0.918684,5.63877
667,0.0483064,0.923328,5.64724
668,0.0482547,0.920462,5.65563
669,0.0482031,0.920808,5.66401
670,0.0481516,0.921648,5.6724
671,0.0481001,0.925304,5.68081
672,0.0480489,0.922883,5.68926
673,0.0479977,0.922093,5.69766
674,0.0479467,0.923822,5.70606
675,0.0478957,0.921747,5.71443
676,0.0478448,0.927428,5.72284
677,0.0477941,0.9215,5.73134
678,0.0477435,0.921105,5.73973
679,0.0476929,0.924563,5.74818
680,0.0476426,0.921994,5.75655
681,0.0475923,0.924365,5.76497
682,0.0475422,0.924118,5.77343
683,0.0474921,0.922784,5.78184
684,0.0474421,0.921599,5.79033
685,0.0473923,0.923575,5.79871
686,0.0473426,0.922982,5.80711
687,0.047293,0.921648,5.8155
688,0.0472435,0.921549,5.82391
689,0.0471941,0.920611,5.83236
690,0.0471448,0.922241,5.84075
691,0.0470956,0.92234,5.84913
692,0.0470466,0.922587,5.85749
693,0.0469977,0.92229,5.86585
694,0.0469488,0.925106,5.87431
695,0.0469001,0.923723,5.88278
696,0.0468515,0.924069,5.8912
697,0.0468031,0.922438,5.8996
698,0.0467547,0.921401,5.90797
699,0.0467064,0.920858,5.91634
700,0.0466582,0.923674,5.92477
701,0.0466102,0.926638,5.93319
702,0.0465622,0.922537,5.94158
703,0.0465143,0.92234,5.94997
704,0.0464666,0.923624,5.95836
705,0.0464189,0.922636,5.96673
706,0.0463714,0.924316,5.97518
707,0.046324,0.920462,5.9836
708,0.0462767,0.921055,5.99195
709,0.0462294,0.926885,6.00038
710,0.0461822,0.921895,6.00876
711,0.0461351,0.922834,6.01717
712,0.0460882,0.922933,6.02559
713,0.0460414,0.925304,6.03399
714,0.0459946,0.924563,6.04238
715,0.045948,0.924513,6.05078
716,0.0459014,0.924464,6.05925
717,0.0458549,0.922191,6.06771
718,0.0458085,0.923427,6.07613
719,0.0457622,0.920166,6.08452
720,0.045716,0.922241,6.09296
721,0.0456699,0.925057,6.10143
722,0.045624,0.924662,6.10987
723,0.0455781,0.928466,6.11831
724,0.0455323,0.92481,6.12672
725,0.0454866,0.92565,6.1352
726,0.045441,0.92318,6.14363
727,0.0453955,0.926588,6.15201
728,0.0453501,0.9215,6.1604
729,0.0453048,0.925106,6.16879
730,0.0452595,0.922043,6.1772
731,0.0452144,0.920067,6.1856
732,0.0451694,0.923871,6.19399
733,0.0451245,0.921549,6.20237
734,0.0450796,0.925946,6.21076
735,0.0450348,0.923822,6.2192
736,0.04499,0.922191,6.22759
737,0.0449455,0.922043,6.23597
738,0.044901,0.920808,6.2444
739,0.0448567,0.922043,6.25282
740,0.0448124,0.922438,6.26128
741,0.0447682,0.922389,6.26969
742,0.0447241,0.923624,6.2781
743,0.0446801,0.924266,6.28653
744,0.0446362,0.92565,6.29494
745,0.0445924,0.924415,6.30338
746,0.0445487,0.920907,6.31178
747,0.0445051,0.923525,6.32019
748,0.0444616,0.925798,6.32857
749,0.0444182,0.922142,6.33695
750,0.0443748,0.926539,6.34532
751,0.0443315,0.921895,6.35381
752,0.0442884,0.924365,6.36226
753,0.0442454,0.921895,6.37072
754,0.0442024,0.924266,6.37912
755,0.0441595,0.922587,6.38754
756,0.0441167,0.921055,6.39593
757,0.044074,0.923229,6.40522
758,0.0440313,0.928317,6.41512
759,0.0439887,0.923377,6.4235
760,0.0439463,0.921352,6.43183
761,0.043904,0.922784,6.44017
762,0.0438617,0.919474,6.44856
763,0.0438194,0.921648,6.45688
764,0.0437773,0.92145,6.46525
765,0.0437353,0.920314,6.47359
766,0.0436934,0.922686,6.48193
767,0.0436514,0.923476,6.49032
768,0.0436097,0.925403,6.49866
769,0.0435679,0.918486,6.50697
770,0.0435262,0.92234,6.51529
771,0.0434848,0.920611,6.52364
772,0.0434433,0.925699,6.53196
773,0.0434019,0.92318,6.54028
774,0.0433606,0.923772,6.54869
775,0.0433194,0.922587,6.55706
776,0.0432783,0.921154,6.56545
777,0.0432374,0.923278,6.57376
778,0.0431964,0.92481,6.58212
779,0.0431556,0.92476,6.59048
780,0.0431148,0.926193,6.59887
781,0.0430742,0.91982,6.60723
782,0.0430335,0.92234,6.61557
783,0.042993,0.921994,6.62388
784,0.0429526,0.923476,6.63222
785,0.0429122,0.922488,6.64056
786,0.0428719,0.924464,6.64895
787,0.0428317,0.925897,6.65728
788,0.0427915,0.922735,6.66561
789,0.0427516,0.921302,6.67396
790,0.0427115,0.926341,6.68228
791,0.0426717,0.925057,6.69067
792,0.0426319,0.922488,6.69904
793,0.0425921,0.922933,6.70737
794,0.0425524,0.923031,6.71565
795,0.0425128,0.923624,6.72396
796,0.0424733,0.921302,6.73228
797,0.042434,0.924711,6.74061
798,0.0423947,0.92066,6.74897
799,0.0423554,0.923278,6.75732
800,0.0423162,0.921697,6.76564
801,0.0422771,0.92975,6.774
802,0.0422381,0.923921,6.78233
803,0.0421991,0.920413,6.79072
804,0.0421603,0.923476,6.7991
805,0.0421215,0.925699,6.80743
806,0.0420828,0.920215,6.81579
807,0.0420442,0.921747,6.82417
808,0.0420055,0.922537,6.83256
809,0.041967,0.921599,6.84088
810,0.0419285,0.926045,6.84926
811,0.0418902,0.925007,6.85765
812,0.041852,0.923624,6.86596
813,0.0418138,0.92397,6.87428
814,0.0417757,0.926736,6.88261
815,0.0417377,0.922636,6.89097
816,0.0416998,0.92318,6.89929
817,0.0416618,0.923772,6.90759
818,0.0416239,0.921648,6.91588
819,0.0415862,0.927231,6.9242
820,0.0415485,0.92397,6.93253
821,0.0415109,0.925106,6.94087
822,0.0414733,0.925452,6.94921
823,0.0414358,0.920117,6.95753
824,0.0413983,0.923772,6.96583
825,0.041361,0.923278,6.97426
826,0.0413237,0.923624,6.98262
827,0.0412865,0.920067,6.991
828,0.0412494,0.92397,6.99936
829,0.0412123,0.922834,7.00769
830,0.0411753,0.924415,7.01601
831,0.0411384,0.925798,7.02435
832,0.0411016,0.926045,7.03268
833,0.0410648,0.921549,7.04103
834,0.0410282,0.92066,7.04936
835,0.0409916,0.927231,7.0577
836,0.040955,0.92313,7.06606
837,0.0409185,0.924019,7.07439
838,0.0408821,0.923674,7.08273
839,0.0408457,0.92476,7.0911
840,0.0408095,0.918684,7.09945
841,0.0407732,0.924316,7.10777
842,0.040737,0.922587,7.11612
843,0.0407009,0.922191,7.12446
844,0.0406649,0.925501,7.13283
845,0.0406288,0.924859,7.14119
846,0.040593,0.920166,7.1496
847,0.0405572,0.926094,7.15791
848,0.0405214,0.925798,7.1663
849,0.0404857,0.924266,7.17463
850,0.0404501,0.923723,7.18298
851,0.0404146,0.923525,7.19138
852,0.0403791,0.921944,7.19969
853,0.0403437,0.923229,7.20806
854,0.0403083,0.921944,7.21637
855,0.040273,0.924909,7.22467
856,0.0402378,0.926094,7.23303
857,0.0402027,0.923427,7.24133
858,0.0401676,0.924859,7.24969
859,0.0401326,0.920611,7.25801
860,0.0400976,0.923229,7.26639
861,0.0400627,0.920215,7.27472
862,0.0400279,0.923377,7.28309
863,0.0399931,0.924612,7.29148
864,0.0399584,0.924563,7.29982
865,0.0399237,0.926489,7.30816
866,0.0398891,0.92397,7.31653
867,0.0398546,0.924415,7.32485
868,0.0398201,0.925057,7.33325
869,0.0397858,0.927576,7.34155
870,0.0397516,0.924909,7.34994
871,0.0397174,0.925304,7.35826
872,0.0396831,0.925551,7.36658
873,0.039649,0.927181,7.37491
874,0.0396149,0.925156,7.38326
875,0.0395808,0.924118,7.39163
876,0.0395469,0.922982,7.39999
877,0.0395129,0.925699,7.40833
878,0.0394791,0.921203,7.41665
879,0.0394453,0.922142,7.42498
880,0.0394116,0.923624,7.43333
881,0.0393779,0.928762,7.44165
882,0.0393443,0.926193,7.45003
883,0.0393108,0.925403,7.45836
884,0.0392773,0.922784,7.46671
885,0.0392439,0.925106,7.47504
886,0.0392106,0.923476,7.48342
887,0.0391773,0.925501,7.49178
888,0.0391441,0.924168,7.5001
889,0.0391109,0.924859,7.50845
890,0.0390778,0.924415,7.51678
891,0.0390448,0.923278,7.52521
892,0.0390117,0.927181,7.53359
893,0.0389788,0.924019,7.5419
894,0.038946,0.925798,7.55028
895,0.0389131,0.922982,7.55861
896,0.0388803,0.922735,7.56694
897,0.0388477,0.921253,7.57533
898,0.0388151,0.924909,7.58368
899,0.0387825,0.926835,7.59202
900,0.03875,0.923921,7.6004
901,0.0387176,0.922241,7.60873
902,0.0386853,0.925403,7.61707
903,0.0386529,0.922784,7.62543
904,0.0386206,0.919771,7.63375
905,0.0385884,0.92229,7.64207
906,0.0385563,0.92145,7.65042
907,0.0385241,0.923575,7.65876
908,0.0384921,0.92397,7.66713
909,0.0384601,0.92476,7.67551
910,0.0384282,0.9215,7.68382
911,0.0383963,0.9256,7.69225
912,0.0383645,0.924217,7.70057
913,0.0383327,0.921253,7.70889
914,0.038301,0.922686,7.71724
915,0.0382694,0.927478,7.72556
916,0.0382378,0.924859,7.73392
917,0.0382063,0.923525,7.74227
918,0.0381748,0.924365,7.75065
919,0.0381433,0.925995,7.75896
920,0.0381119,0.92234,7.76734
921,0.0380806,0.924118,7.77572
922,0.0380493,0.927576,7.78409
923,0.0380181,0.922142,7.79246
924,0.037987,0.921154,7.80075
925,0.0379559,0.923871,7.80911
926,0.0379248,0.923525,7.81742
927,0.0378938,0.923871,7.82573
928,0.0378628,0.922982,7.83407
929,0.0378319,0.926934,7.84239
930,0.0378011,0.923723,7.85073
931,0.0377703,0.92807,7.85906
932,0.0377395,0.921055,7.86742
933,0.0377088,0.923921,7.87577
934,0.0376782,0.923229,7.88411
935,0.0376476,0.925205,7.89246
936,0.0376171,0.921352,7.90081
937,0.0375866,0.9256,7.90914
938,0.0375561,0.925403,7.91747
939,0.0375258,0.925353,7.92581
940,0.0374954,0.923624,7.93423
941,0.0374652,0.930491,7.94258
942,0.0374351,0.925551,7.95097
943,0.037405,0.921648,7.95944
944,0.0373748,0.924217,7.96781
945,0.0373448,0.921846,7.97623
946,0.0373148,0.926045,7.98459
947,0.0372849,0.922093,7.99293
948,0.037255,0.921895,8.00128
949,0.0372251,0.921895,8.00958
950,0.0371953,0.921302,8.01791
951,0.0371656,0.924909,8.02623
952,0.0371359,0.928614,8.03453
953,0.0371062,0.925353,8.04285
954,0.0370766,0.923575,8.05125
955,0.037047,0.92565,8.05965
956,0.0370176,0.924612,8.06799
957,0.0369881,0.924118,8.07631
958,0.0369587,0.926539,8.08466
959,0.0369294,0.925304,8.09299
960,0.0369001,0.925007,8.10135
961,0.0368709,0.923476,8.1097
962,0.0368418,0.924118,8.118
963,0.0368126,0.92565,8.12635
964,0.0367836,0.927033,8.1347
965,0.0367545,0.92397,8.14301
966,0.0367256,0.923575,8.15138
967,0.0366967,0.929009,8.15975
968,0.0366678,0.927675,8.16817
969,0.0366389,0.924464,8.17658
970,0.0366101,0.924266,8.18496
971,0.0365814,0.923624,8.19336
972,0.0365526,0.924316,8.20175
973,0.036524,0.924563,8.21015
974,0.0364953,0.924266,8.21852
975,0.0364668,0.921401,8.22694
976,0.0364383,0.924415,8.23529
977,0.0364098,0.92807,8.24368
978,0.0363814,0.925452,8.25214
979,0.0363531,0.927379,8.26057
980,0.0363248,0.922883,8.26898
981,0.0362965,0.923822,8.27735
982,0.0362683,0.923575,8.2857
983,0.0362402,0.926489,8.29404
984,0.036212,0.926193,8.30237
985,0.0361839,0.925254,8.31071
986,0.0361558,0.92565,8.31904
987,0.0361278,0.92318,8.32736
988,0.0360998,0.922438,8.33566
989,0.0360719,0.923278,8.34398
990,0.036044,0.925057,8.35238
991,0.0360161,0.923871,8.36071
992,0.0359884,0.922834,8.36903
993,0.0359607,0.927379,8.3775
994,0.035933,0.923525,8.38604
995,0.0359054,0.925995,8.39443
996,0.0358778,0.924563,8.40279
997,0.0358502,0.920265,8.4112
998,0.0358228,0.923674,8.41952
999,0.0357953,0.924464,8.42786
1000,0.035768,0.922883,8.43622
1001,0.0357406,0.924612,8.44455
1002,0.0357132,0.925353,8.45292
1003,0.0356859,0.92397,8.46126
1004,0.0356586,0.922043,8.46962
1005,0.0356315,0.925551,8.47804
1006,0.0356043,0.923328,8.48641
1007,0.0355772,0.923229,8.49475
1008,0.0355502,0.927428,8.50306
1009,0.0355232,0.922241,8.51142
1010,0.0354963,0.926934,8.51976
1011,0.0354694,0.926094,8.52812
1012,0.0354425,0.924563,8.53646
1013,0.0354157,0.924365,8.54479
1014,0.0353889,0.922834,8.55321
1015,0.0353622,0.925007,8.56155
1016,0.0353354,0.923427,8.56987
1017,0.0353088,0.926242,8.57821
1018,0.0352821,0.92807,8.58656
1019,0.0352556,0.924118,8.59488
1020,0.035229,0.925254,8.60326
1021,0.0352025,0.926687,8.61169
1022,0.035176,0.922686,8.62003
1023,0.0351497,0.924909,8.62834
1024,0.0351232,0.922883,8.63667
1025,0.035097,0.925254,8.64502
1026,0.0350707,0.926094,8.65337
1027,0.0350445,0.922933,8.66172
1028,0.0350182,0.92397,8.67006
1029,0.0349921,0.927132,8.67842
1030,0.0349659,0.922191,8.68678
1031,0.0349399,0.927576,8.69516
1032,0.0349138,0.927181,8.7035
1033,0.0348878,0.925254,8.71184
1034,0.0348619,0.927675,8.72021
1035,0.0348359,0.92565,8.72856
1036,0.0348101,0.927774,8.73694
1037,0.0347842,0.925156,8.74526
1038,0.0347585,0.925847,8.75364
1039,0.0347327,0.928021,8.76201
1040,0.034707,0.923575,8.7704
1041,0.0346814,0.925304,8.77877
1042,0.0346557,0.928614,8.78771
1043,0.0346301,0.928861,8.7962
1044,0.0346046,0.920364,8.80456
1045,0.0345791,0.927132,8.81295
1046,0.0345537,0.925156,8.82127
1047,0.0345283,0.923377,8.8296
1048,0.0345029,0.925847,8.83793
1049,0.0344776,0.924069,8.84626
1050,0.0344523,0.927626,8.85463
1051,0.034427,0.923031,8.86296
1052,0.0344017,0.924019,8.8713
1053,0.0343766,0.923525,8.87964
1054,0.0343514,0.929404,8.88792
1055,0.0343263,0.9256,8.8962
1056,0.0343012,0.92565,8.90452
1057,0.0342763,0.925748,8.91285
1058,0.0342513,0.922834,8.92119
1059,0.0342264,0.925156,8.92956
1060,0.0342015,0.923328,8.93784
1061,0.0341766,0.92318,8.94616
1062,0.0341518,0.926786,8.95448
1063,0.034127,0.925205,8.96278
1064,0.0341022,0.920808,8.97117
1065,0.0340775,0.925205,8.97948
1066,0.0340529,0.923525,8.98777
1067,0.0340282,0.926242,8.99614
1068,0.0340036,0.925501,9.00444
1069,0.0339791,0.9256,9.01279
1070,0.0339546,0.924464,9.02116
1071,0.0339301,0.928219,9.02951
1072,0.0339056,0.920265,9.03778
1073,0.0338813,0.923081,9.04612
1074,0.0338568,0.923575,9.05444
1075,0.0338325,0.927082,9.06283
1076,0.0338082,0.926786,9.07117
1077,0.033784,0.926786,9.07952
1078,0.0337597,0.924019,9.08782
1079,0.0337356,0.922537,9.09617
1080,0.0337114,0.92145,9.10449
1081,0.0336873,0.925551,9.11278
1082,0.0336632,0.923575,9.12112
1083,0.0336391,0.924859,9.12941
1084,0.0336151,0.925946,9.13772
1085,0.0335912,0.924563,9.14599
1086,0.0335673,0.922043,9.15434
1087,0.0335434,0.925403,9.16264
1088,0.0335196,0.9215,9.17094
1089,0.0334959,0.927823,9.17929
1090,0.0334721,0.926983,9.18759
1091,0.0334484,0.925205,9.1959
1092,0.0334247,0.925798,9.20424
1093,0.033401,0.923772,9.21261
1094,0.0333774,0.926983,9.22092
1095,0.0333537,0.925452,9.22925
1096,0.0333302,0.920759,9.23758
1097,0.0333066,0.924316,9.24588
1098,0.0332831,0.920561,9.25419
1099,0.0332597,0.922537,9.26249
1100,0.0332364,0.926391,9.2708
1101,0.033213,0.927527,9.27914
1102,0.0331896,0.921895,9.28743
1103,0.0331663,0.92728,9.29575
1104,0.033143,0.925551,9.30406
1105,0.0331198,0.927972,9.31237
1106,0.0330965,0.924662,9.32067
1107,0.0330733,0.925699,9.32892
1108,0.0330502,0.924513,9.33724
1109,0.033027,0.924415,9.34554
1110,0.033004,0.927379,9.35389
1111,0.032981,0.921302,9.36221
1112,0.0329579,0.925353,9.3705
1113,0.032935,0.925501,9.3788
1114,0.0329121,0.924019,9.38715
1115,0.0328891,0.922241,9.39542
1116,0.0328663,0.926489,9.40373
1117,0.0328435,0.923822,9.41201
1118,0.0328206,0.926391,9.4203
1119,0.0327979,0.92728,9.42863
1120,0.0327751,0.926934,9.43694
1121,0.0327524,0.923723,9.4453
1122,0.0327297,0.926094,9.45366
1123,0.0327071,0.925501,9.46197
1124,0.0326845,0.921895,9.47029
1125,0.0326619,0.926489,9.47858
1126,0.0326394,0.92234,9.48689
1127,0.0326169,0.922686,9.49517
1128,0.0325944,0.927478,9.50346
1129,0.032572,0.923772,9.51175
1130,0.0325497,0.926885,9.52008
1131,0.0325273,0.924464,9.52838
1132,0.032505,0.922093,9.53668
1133,0.0324827,0.921203,9.54495
1134,0.0324604,0.922883,9.55325
1135,0.0324381,0.925995,9.56158
1136,0.0324159,0.92318,9.56988
1137,0.0323937,0.923476,9.57818
1138,0.0323716,0.925057,9.58651
1139,0.0323495,0.923624,9.5948
1140,0.0323274,0.923278,9.60316
1141,0.0323053,0.920117,9.61144
1142,0.0322833,0.92397,9.61974
1143,0.0322614,0.927675,9.62804
1144,0.0322394,0.924711,9.63631
1145,0.0322176,0.922735,9.6446
1146,0.0321957,0.925748,9.65295
1147,0.0321738,0.926638,9.66123
1148,0.032152,0.925798,9.66949
1149,0.0321303,0.922191,9.67777
1150,0.0321085,0.925798,9.68611
1151,0.0320868,0.924019,9.69442
1152,0.0320651,0.919277,9.70269
1153,0.0320435,0.927576,9.71099
1154,0.0320218,0.928169,9.7193
1155,0.0320002,0.925254,9.72759
1156,0.0319786,0.925057,9.73588
1157,0.0319571,0.924415,9.74421
1158,0.0319356,0.92481,9.7525
1159,0.0319141,0.925353,9.76078
1160,0.0318927,0.926835,9.76909
1161,0.0318713,0.928466,9.77742
1162,0.0318499,0.925946,9.78579
1163,0.0318286,0.925501,9.79416
1164,0.0318072,0.924662,9.80248
1165,0.031786,0.926489,9.81077
1166,0.0317648,0.923328,9.8191
1167,0.0317435,0.923822,9.82744
1168,0.0317223,0.922834,9.83578
1169,0.0317011,0.926885,9.84415
1170,0.03168,0.924662,9.85244
1171,0.0316589,0.927132,9.86073
1172,0.0316379,0.924662,9.86903
1173,0.0316169,0.923328,9.87737
1174,0.0315959,0.926638,9.88569
1175,0.0315749,0.923476,9.89398
1176,0.0315539,0.925748,9.90226
1177,0.031533,0.925007,9.91057
1178,0.0315121,0.925699,9.91889
1179,0.0314913,0.921549,9.92722
1180,0.0314705,0.924464,9.93552
1181,0.0314497,0.923822,9.94382
1182,0.0314289,0.925007,9.95212
1183,0.0314082,0.925057,9.9605
1184,0.0313875,0.921154,9.96879
1185,0.0313668,0.925551,9.97714
1186,0.0313462,0.925353,9.98544
1187,0.0313256,0.923674,9.99379
1188,0.031305,0.925501,10.0021
